True_Label,Prediction,Anomaly_Score
0,0,0.06363948078303272
3,0,0.05285368292670184
5,0,0.042641487791846566
3,1,-0.12209237575391835
3,1,-0.11334016031178168
0,0,0.04614294859644957
4,0,0.0015950698248827222
4,1,-0.014018143393410898
3,0,0.03492568842380461
3,1,-0.13138633836347807
4,1,-0.13428146108975964
0,1,-0.1350026699242754
3,1,-0.10908148549700253
0,0,0.06531706137461973
0,0,0.006350820680215474
2,0,0.0038350343731303194
2,1,-0.002072341733626859
2,0,0.016818907985324316
1,1,-0.038416555467047975
4,1,-0.2577977274704342
4,1,-0.13428146108975964
3,1,-0.22479006826827058
5,0,0.04293116641461381
4,1,-0.13428146108975964
0,0,0.061470615672581275
2,1,-0.002374810012999551
4,1,-0.24128436150017046
1,0,0.03925063511992671
4,1,-0.08851761858942525
2,1,-0.04675103279148379
5,0,0.03917736655658338
3,1,-0.11471929618878579
6,1,-0.017410169092024697
0,0,0.04687694974655793
1,0,0.03451965255508482
4,1,-0.22427462061939113
5,0,0.04293116641461381
4,1,-0.21426466771529834
2,1,-0.002374810012999551
0,0,0.05989834550600731
4,1,-0.13428146108975964
6,1,-0.01259510706206457
0,0,0.029940676258497445
4,1,-0.1300084843089107
0,0,0.0002558796211182268
2,0,0.039225393193118685
2,1,-0.002072341733626859
0,0,0.04200482950321416
5,0,0.04151983711423857
5,0,0.04293116641461381
3,1,-0.10873915194086131
0,0,0.021734615461648177
0,0,0.02642665273850031
2,1,-0.05045765069330982
4,1,-0.19886450765403846
3,1,-0.23337865043315204
0,0,0.0542523995882912
2,0,0.016818907985324316
3,1,-0.22456937413197492
0,0,0.06767708877411532
0,0,0.05014776938337506
6,1,-0.17448500963168462
3,1,-0.11431363282937651
2,1,-0.00031157851857627206
2,1,-0.04088926683065919
0,1,-0.2680159230490062
0,0,0.05818240684093584
4,0,0.013164126008803623
5,0,0.04541196880962939
5,0,0.04541196880962939
0,0,0.0002558796211182268
2,1,-0.005859940183854551
4,1,-0.21426466771529834
0,0,0.06553393108777755
4,1,-0.2577977274704342
5,0,0.04541196880962939
3,1,-0.11374505143540731
1,0,0.007660867558691387
0,1,-0.0022965895586214424
2,1,-0.00031157851857627206
2,0,0.016818907985324316
4,1,-0.22301473725036985
3,0,0.004333927764122503
0,0,0.06220418373133507
0,0,0.06049131192632673
5,0,0.03347955160884042
4,1,-0.13428146108975964
6,1,-0.01259510706206457
4,1,-0.014018143393410898
5,0,0.04541196880962939
4,1,-0.16013157909275194
3,0,0.03247357857109395
3,1,-0.11402723684454646
3,1,-0.11295986450911549
5,0,0.042641487791846566
5,0,0.03945444012584798
0,0,0.061554259323764626
5,0,0.04139606747511709
4,1,-0.014018143393410898
4,1,-0.13428146108975964
2,1,-0.002072341733626859
0,1,-0.06138431612085998
2,0,0.016818907985324316
0,0,0.07092277122612839
0,1,-0.044176307422591043
3,0,0.050226411693170436
3,0,0.006153578139232785
3,0,0.04692056980336784
1,0,0.04087781491868181
3,1,-0.11116647948089736
2,1,-0.00031157851857627206
4,1,-0.050151848119187825
3,1,-0.11301105668399264
2,0,0.0038350343731303194
5,0,0.03281678147597905
5,0,0.04293116641461381
0,0,0.044081450882186235
4,1,-0.13428146108975964
4,0,0.010139873692063872
4,1,-0.26826502463957697
2,1,-0.002072341733626859
5,0,0.04746013431661722
3,1,-0.13087127835962348
2,0,0.0038350343731303194
3,0,0.03278734468647615
0,0,0.06278785136446602
0,0,0.066396711506653
3,1,-0.11374505143540731
3,1,-0.11362212204645944
2,1,-0.0050268720940295775
5,0,0.04293116641461381
2,1,-0.00031157851857627206
3,1,-0.10908148549700253
2,1,-0.0050268720940295775
2,1,-0.0390616976502019
1,0,0.02774402220000638
0,1,-0.08460184592827585
0,0,0.07027625102249785
0,1,-0.06516851240509514
2,0,0.03638176883477945
3,1,-0.22575693537672065
6,1,-0.017410169092024697
3,0,0.0030854244503923933
0,1,-0.013437703245085919
2,1,-0.00031157851857627206
1,0,0.04087781491868181
2,0,0.016818907985324316
5,0,0.040080658899607324
6,1,-0.01259510706206457
6,1,-0.017410169092024697
0,0,0.06808316195525466
5,0,0.04746013431661722
0,0,0.06546280537088683
3,0,0.00024754020223993756
3,1,-0.0014782772621525497
5,0,0.04541196880962939
2,0,0.0038350343731303194
0,1,-0.06723942510497832
2,0,0.016818907985324316
5,0,0.04293116641461381
1,0,0.04055787411915418
5,0,0.04293116641461381
1,1,-0.026061628640776713
0,1,-0.04402450629087101
4,1,-0.13428146108975964
4,1,-0.1300084843089107
5,0,0.04293116641461381
5,0,0.044010526348501444
0,0,0.03003428222557164
3,0,0.009328327332899511
4,1,-0.13428146108975964
5,0,0.04746013431661722
2,1,-0.002072341733626859
5,0,0.04541196880962939
0,0,0.03446877754570776
2,1,-0.00031157851857627206
2,0,0.01884727147770271
4,1,-0.014018143393410898
2,1,-0.002072341733626859
3,1,-0.13239422977454246
0,0,0.06075667970411802
0,0,0.06950003105750541
5,1,-0.005459296616225462
5,0,0.04541196880962939
0,1,-0.08458881296762694
2,1,-0.002072341733626859
5,0,0.03917736655658338
5,0,0.04541196880962939
3,1,-0.1309674638614567
2,1,-0.00031157851857627206
1,0,0.03697501439306672
2,0,0.0038350343731303194
3,1,-0.11471929618878579
4,1,-0.22952326209169444
3,1,-0.11374505143540731
4,1,-0.13428146108975964
2,0,0.04348060145294835
0,1,-0.04518085614486933
6,1,-0.017410169092024697
3,1,-0.11437314945720028
3,1,-0.11261490778231081
4,1,-0.13428146108975964
0,0,0.07263738230625405
2,1,-0.00031157851857627206
2,1,-0.04235591645418696
5,0,0.04319000103313014
4,1,-0.13428146108975964
0,0,0.061285101354679905
2,0,0.016818907985324316
4,1,-0.2577977274704342
0,0,0.05542495304917294
5,0,0.023683470342882318
5,0,0.02224355675375983
2,0,0.0038350343731303194
3,1,-0.12850681192432428
4,1,-0.21426466771529834
2,1,-0.03360945857106529
5,0,0.007566990267838913
2,1,-0.002072341733626859
2,0,0.03987623128823531
0,1,-0.11270555228849582
4,1,-0.2577977274704342
2,1,-0.002072341733626859
4,1,-0.050151848119187825
2,0,0.0038350343731303194
2,1,-0.002072341733626859
3,0,0.0007054726517037868
4,1,-0.13428146108975964
0,0,0.07330437351615693
1,0,0.027993812800266027
2,0,0.016818907985324316
0,0,0.06185516754999815
2,1,-0.002701244857896523
0,1,-0.1273434825767245
4,1,-0.22740715026003105
4,1,-0.22773431264361327
4,1,-0.014018143393410898
4,1,-0.21426466771529834
4,1,-0.08856635743203711
0,0,0.02462605356304337
0,0,0.06914893431135699
2,0,0.037805858268215975
3,1,-0.13239422977454246
4,1,-0.014018143393410898
5,0,0.04293116641461381
3,1,-0.12902670623099882
5,0,0.04541196880962939
2,1,-0.002072341733626859
4,1,-0.22740715026003105
2,1,-0.003663025283061283
3,1,-0.11395552650985125
5,0,0.04541196880962939
5,0,0.04258143006418391
3,1,-0.11437314945720028
4,1,-0.23963783100612307
2,0,0.016818907985324316
0,0,0.017108689823275736
4,1,-0.21426466771529834
0,0,0.06868927960945909
5,0,0.04293116641461381
0,0,0.0714280190887503
3,1,-0.11334016031178168
5,0,0.04258143006418391
0,1,-0.029996296907782105
4,1,-0.14672593449891552
0,1,-0.12788652638607173
0,0,0.07127937533624362
5,0,0.023683470342882318
2,1,-0.002374810012999551
5,0,0.04293116641461381
0,1,-0.026950504428746136
3,1,-0.11334016031178168
4,1,-0.11431243190562207
5,0,0.05284776021983262
5,0,0.04293116641461381
5,0,0.04541196880962939
6,1,-0.017410169092024697
5,0,0.03945444012584798
4,0,0.016190212005632754
4,1,-0.22301473725036985
3,1,-0.11593418665259819
2,0,0.016818907985324316
0,0,0.036481815218969316
2,1,-0.006629330449382853
4,1,-0.22427462061939113
3,0,0.002080193122211138
1,0,0.04017379120231046
3,0,0.0051086873036269576
5,0,0.04293116641461381
3,1,-0.11374505143540731
2,1,-0.006959242253898046
0,1,-0.0713967735977254
5,0,0.04293116641461381
3,1,-0.11308172908884112
3,0,0.03757874745753437
5,0,0.029969061541169906
5,0,0.04541196880962939
3,1,-0.1115814368551678
2,1,-0.002072341733626859
5,0,0.04293116641461381
4,1,-0.22301473725036985
4,1,-0.13428146108975964
2,0,0.016818907985324316
4,1,-0.22396002274503174
2,0,0.016818907985324316
0,1,-0.04697183310711078
5,0,0.01366829070733866
5,0,0.03917736655658338
4,1,-0.01212118387267469
4,1,-0.22427462061939113
3,1,-0.2398886136154041
2,0,0.016818907985324316
5,0,0.04541196880962939
3,1,-0.22352913972585714
3,0,0.050226411693170436
0,0,0.0629165575980804
4,1,-0.2404207293423269
4,1,-0.1501877932971037
5,0,0.04293116641461381
0,0,0.02691287348052035
4,1,-0.22301473725036985
2,1,-0.002072341733626859
3,0,0.015204091730510683
0,0,0.0627969603593776
6,1,-0.017410169092024697
5,0,0.04541196880962939
3,1,-0.13138633836347807
5,0,0.04541196880962939
6,1,-0.0115030204043588
5,0,0.03663729668963017
0,0,0.07152051698903966
3,1,-0.13239422977454246
2,1,-0.00031157851857627206
3,1,-0.11355046855301093
0,0,0.0005410531031740384
0,0,0.033897451166400305
3,0,0.05192087620986757
0,0,0.032937462318959
5,0,0.02198987429250948
2,1,-0.002072341733626859
5,0,0.04293116641461381
5,0,0.04293116641461381
5,0,0.04293116641461381
5,0,0.04293116641461381
0,0,0.022295179152049205
1,0,0.0416967232446131
2,0,0.0038350343731303194
0,0,0.05991791950261016
5,0,0.04293116641461381
3,0,0.05192087620986757
1,0,0.010978675744849009
5,0,0.03347955160884042
4,1,-0.22301473725036985
0,0,0.07324816216879032
2,1,-0.006959242253898046
3,1,-0.12860553405196257
3,1,-0.13138633836347807
3,0,0.015204091730510683
1,0,0.022692096038720577
4,1,-0.23410458466335377
2,1,-0.00031157851857627206
0,0,0.06935261077780625
0,0,0.0002558796211182268
3,1,-0.03917598734503591
4,1,-0.13428146108975964
0,0,0.061551641854756145
4,1,-0.22773431264361327
0,0,0.039276943845400814
2,0,0.037805858268215975
0,0,0.021573278487562797
4,1,-0.13428146108975964
3,0,0.033330978882952
0,0,0.06692820316763759
5,0,0.04541196880962939
5,0,0.04293116641461381
4,1,-0.13428146108975964
5,0,0.04541196880962939
3,1,-0.11402723684454646
4,0,0.013164126008803623
1,0,0.01637658063456382
0,1,-0.00991488601315943
4,1,-0.22427462061939113
5,0,0.04293116641461381
5,0,0.04541196880962939
2,0,0.03987623128823531
5,0,0.042641487791846566
5,0,0.04293116641461381
0,0,0.06847656704230265
4,1,-0.22301473725036985
2,0,0.016818907985324316
5,0,0.04541196880962939
3,0,0.03891612354590657
2,0,0.03987623128823531
4,1,-0.21426466771529834
2,0,0.016818907985324316
2,0,0.016818907985324316
3,0,0.013139642197614543
5,0,0.04293116641461381
1,1,-0.022515468021571783
5,0,0.04293116641461381
5,0,0.04541196880962939
0,0,0.033121092088878645
4,0,0.031146086066879852
5,0,0.04541196880962939
2,1,-0.00535547430723482
5,0,0.023683470342882318
0,1,-0.04552569088615016
2,1,-0.00031157851857627206
0,0,0.03023959835208978
5,0,0.030552965032311474
2,0,0.03987623128823531
2,0,0.0038350343731303194
0,0,0.04175193536730987
2,0,0.016818907985324316
0,0,0.06830555278770956
1,0,0.04087781491868181
0,0,0.06294732319366958
3,1,-0.11322630819163165
0,0,0.07095603900127201
2,0,0.0038350343731303194
5,0,0.04293116641461381
0,1,-0.07110258941607284
2,0,0.016818907985324316
0,1,-0.0040095690800160955
0,1,-0.013836301795150885
4,0,0.059327798445630575
0,0,0.06553393108777755
2,0,0.016818907985324316
2,0,0.01884727147770271
3,1,-0.13138633836347807
0,0,0.06513865716620021
0,0,0.058411212601509
2,0,0.016818907985324316
0,0,0.05820290895366653
2,1,-0.00535547430723482
3,0,0.0316183814988274
1,0,0.02462605356304337
2,0,0.016818907985324316
2,1,-0.0050268720940295775
3,0,0.03774691996374174
3,1,-0.11374505143540731
2,0,0.001028361370989217
3,1,-0.13149633430360913
4,1,-0.012377545169086623
0,0,0.057500181913670956
2,0,0.016818907985324316
3,0,0.010868978478907776
4,1,-0.21282211368984055
6,1,-0.016849696745195375
0,1,-0.060049359021792204
4,1,-0.13428146108975964
0,1,-0.11543653655209268
4,1,-0.13428146108975964
3,1,-0.12678383250751163
4,1,-0.26377871082167986
2,0,0.0038350343731303194
0,0,0.06951006639555746
4,1,-0.1300084843089107
3,1,-0.11301105668399264
2,0,0.0038350343731303194
4,1,-0.014018143393410898
2,1,-0.00031157851857627206
3,1,-0.11368155819247655
3,1,-0.1309674638614567
5,0,0.03945444012584798
4,1,-0.13428146108975964
2,1,-0.002072341733626859
6,0,0.03987623128823531
4,1,-0.13428146108975964
6,1,-0.01259510706206457
2,0,0.0029669950027485514
4,1,-0.08655374259859722
4,1,-0.09045407893024954
2,0,0.04348060145294835
4,1,-0.1300084843089107
0,0,0.03394840633800278
2,1,-0.005530926038156525
3,0,0.0051086873036269576
5,0,0.029969061541169906
2,1,-0.002374810012999551
2,1,-0.05112651598510659
5,0,0.04541196880962939
3,0,0.0042559702802686394
4,1,-0.08655374259859722
0,0,0.06666313120155126
1,0,0.02462605356304337
5,0,0.04746013431661722
4,1,-0.014018143393410898
2,1,-0.047545756196232525
3,1,-0.12984591924459926
2,1,-0.002072341733626859
2,0,0.0038350343731303194
0,0,0.06481479318096661
2,1,-0.002072341733626859
5,0,0.04541196880962939
4,0,0.0015950698248827222
5,0,0.04293116641461381
5,0,0.04293116641461381
4,1,-0.2577977274704342
0,0,0.06961640899994431
6,1,-0.17434746271919338
0,1,-0.12168520149430867
4,1,-0.11431243190562207
2,0,0.03726891225902379
0,0,0.01608847527565682
0,0,0.05822217981861394
2,0,0.03726891225902379
4,1,-0.014018143393410898
5,0,0.04541196880962939
4,1,-0.21426466771529834
2,1,-0.04675103279148379
5,0,0.04541196880962939
2,1,-0.00964852888527129
3,1,-0.2302221834231975
4,1,-0.014018143393410898
5,0,0.023683470342882318
4,0,0.010455822844627205
5,0,0.04293116641461381
2,1,-0.0438007020562855
5,0,0.04541196880962939
4,1,-0.23197300071621535
4,1,-0.26826502463957697
3,1,-0.12936382223903703
2,1,-0.002072341733626859
5,0,0.041306016505525345
5,0,0.04717416039032579
2,1,-0.05112651598510659
4,1,-0.13428146108975964
1,1,-0.036189125547876455
2,1,-0.0050268720940295775
4,1,-0.014018143393410898
0,0,0.06477319480604432
5,0,0.03686800050104089
4,1,-0.10542985528526067
2,0,0.03638176883477945
0,0,0.06846744587925307
2,1,-0.049348821104920615
5,0,0.042641487791846566
4,1,-0.08655374259859722
2,0,0.016818907985324316
2,0,0.016818907985324316
0,1,-0.03683009974155982
2,0,0.016818907985324316
2,1,-0.0050268720940295775
2,1,-0.00031157851857627206
4,1,-0.014018143393410898
4,1,-0.13428146108975964
5,0,0.03917736655658338
4,1,-0.13428146108975964
0,1,-0.06520155493563917
3,1,-0.12540052967740994
0,0,0.008855401415827524
3,1,-0.11042016097543789
0,0,0.00342222773618428
6,0,0.03987623128823531
5,0,0.015176319532824
2,1,-0.044993547852366034
5,0,0.04293116641461381
2,0,0.01884727147770271
0,0,0.04747733466610532
5,0,0.023683470342882318
0,0,0.0690471085363511
4,1,-0.11431243190562207
2,0,0.04249053679485065
6,1,-0.01259510706206457
4,1,-0.13428146108975964
2,0,0.0038350343731303194
0,0,0.0075935992139657404
2,1,-0.00535547430723482
3,0,0.004068123792828282
5,0,0.04293116641461381
3,0,0.0007054726517037868
5,0,0.029969061541169906
3,1,-0.22829041659960908
0,1,-0.10515185006333111
3,1,-0.11308172908884112
0,0,0.0672921991087091
6,1,-0.017410169092024697
0,0,0.02192072204212775
0,1,-0.027706557573408064
4,1,-0.22301473725036985
5,0,0.04541196880962939
5,0,0.04293116641461381
0,0,0.04607605601011466
0,1,-0.2567332047571535
3,1,-0.1139677604712393
5,0,0.04746013431661722
3,0,0.0033518930777396427
4,1,-0.2146784225499086
1,0,0.011239805712624618
5,0,0.04293116641461381
2,0,0.016818907985324316
5,0,0.04541196880962939
4,1,-0.10542985528526067
4,1,-0.08655374259859722
5,0,0.04541196880962939
2,1,-0.002072341733626859
3,1,-0.13138633836347807
3,1,-0.23422339046848145
0,0,0.03336724586768686
0,0,0.013090149345716118
4,1,-0.2577977274704342
5,0,0.023683470342882318
2,0,0.01884727147770271
5,0,0.023683470342882318
2,1,-0.05112651598510659
4,1,-0.2577977274704342
0,0,0.026444531785875025
5,0,0.04293116641461381
3,1,-0.11593418665259819
5,0,0.04541196880962939
0,0,0.005696519442846382
5,0,0.04512431948362228
0,0,0.04158215833871409
2,1,-0.00031157851857627206
4,0,0.010455822844627205
3,0,0.002614309480463317
4,1,-0.13428146108975964
0,1,-0.024291587334641873
3,0,0.03099051940043701
2,0,0.0029669950027485514
5,0,0.044010526348501444
2,0,0.03874085148527168
2,1,-0.0050268720940295775
2,1,-0.002072341733626859
0,0,0.039734831444735
4,1,-0.08851761858942525
2,1,-0.04821026934933015
5,0,0.04293116641461381
6,1,-0.01122668477318095
5,0,0.04512431948362228
2,0,0.0038350343731303194
4,1,-0.13428146108975964
0,1,-0.12298772534670116
2,1,-0.002072341733626859
6,0,0.04343098392166711
5,0,0.04541196880962939
2,0,0.016818907985324316
3,1,-0.13138633836347807
4,1,-0.13428146108975964
4,1,-0.08851761858942525
0,0,0.06053848297513492
0,1,-0.011305494513825065
3,1,-0.22283912514478993
3,1,-0.11192569411308734
5,0,0.04541196880962939
5,0,0.03686800050104089
0,0,0.07360714534534835
4,0,0.0015950698248827222
4,0,0.013164126008803623
4,1,-0.18001231775041554
4,1,-0.014018143393410898
4,1,-0.11431243190562207
3,1,-0.11322630819163165
2,0,0.016818907985324316
6,1,-0.01259510706206457
2,1,-0.00535547430723482
4,1,-0.13428146108975964
5,0,0.04541196880962939
2,0,0.016818907985324316
2,0,0.0038350343731303194
1,1,-0.028812632695394635
4,0,0.031146086066879852
3,0,0.004415966525203596
5,0,0.04541196880962939
5,0,0.04293116641461381
2,0,0.016818907985324316
3,1,-0.11339956364155007
2,1,-0.04608869736910909
4,0,0.031146086066879852
2,0,0.016818907985324316
5,0,0.04293116641461381
4,1,-0.22427462061939113
3,1,-0.11308172908884112
6,1,-0.01259510706206457
5,0,0.04293116641461381
0,0,0.0690471085363511
4,1,-0.014018143393410898
2,1,-0.006959242253898046
5,0,0.04293116641461381
4,1,-0.014018143393410898
0,0,0.0690471085363511
5,0,0.04541196880962939
0,0,0.03564954123908043
5,0,0.04293116641461381
5,0,0.028472892837890784
4,1,-0.2628850847653302
3,1,-0.12948954150832998
4,1,-0.13428146108975964
0,0,0.0412861503033598
3,1,-0.11437314945720028
5,0,0.04541196880962939
3,0,0.0012776622022273032
4,1,-0.13428146108975964
4,0,0.031146086066879852
0,0,0.0677615247069634
0,1,-0.10550908420006294
2,1,-0.047545756196232525
3,1,-0.13138633836347807
4,1,-0.23197300071621535
0,1,-0.08261830501119422
1,0,0.04055787411915418
4,1,-0.014018143393410898
2,1,-0.0050268720940295775
3,1,-0.22414892947825632
2,1,-0.00031157851857627206
1,0,0.03959174562865836
0,0,0.059096246389248375
0,0,0.06075667970411802
4,1,-0.014018143393410898
3,1,-0.11261490778231081
3,0,0.00024754020223993756
4,1,-0.13428146108975964
2,0,0.016818907985324316
2,0,0.016818907985324316
4,1,-0.24184536314749255
2,1,-0.002701244857896523
0,0,0.07181426352415488
0,0,0.05729141963111345
2,0,0.0029669950027485514
3,0,0.05177329607341158
0,0,0.06277610892859387
2,1,-0.002701244857896523
5,0,0.04541196880962939
0,1,-0.053435623212434336
5,0,0.03860571498400828
0,0,0.010808307998625533
6,1,-0.0115030204043588
6,1,-0.0115030204043588
5,0,0.03917736655658338
5,0,0.03917736655658338
0,0,0.029381439776071938
0,1,-0.15940021002426924
3,1,-0.23150327417160116
4,1,-0.13428146108975964
2,0,0.0038350343731303194
0,1,-0.014227697617536783
2,1,-0.002072341733626859
6,1,-0.014666279920762637
2,0,0.016818907985324316
4,1,-0.014018143393410898
3,1,-0.13138633836347807
2,0,0.037805858268215975
3,1,-0.11082273572347495
0,0,0.05431338575546224
1,0,0.03264948096330811
0,0,0.07094276106666914
2,0,0.0029669950027485514
0,1,-0.03537318820642049
0,1,-0.049637238900966996
2,1,-0.002072341733626859
4,1,-0.01212118387267469
1,0,0.02462605356304337
5,0,0.04541196880962939
2,0,0.0029669950027485514
5,0,0.04293116641461381
4,1,-0.08851761858942525
0,0,0.04025598512078654
0,1,-0.12620718680521098
3,0,0.027480519518104818
2,1,-0.002072341733626859
5,0,0.04293116641461381
2,1,-0.00031157851857627206
2,1,-0.00031157851857627206
0,1,-0.1908897859428234
1,0,0.04055787411915418
5,0,0.023683470342882318
0,0,0.07215729541524579
1,1,-0.0002998022720668292
4,1,-0.014018143393410898
2,0,0.03987623128823531
0,1,-0.05960216833233528
2,1,-0.00031157851857627206
4,1,-0.13428146108975964
4,1,-0.23197300071621535
3,1,-0.11368155819247655
3,0,0.033330978882952
2,1,-0.002072341733626859
2,0,0.016818907985324316
4,1,-0.21426466771529834
5,0,0.04541196880962939
3,1,-0.1308026764926435
4,1,-0.09045407893024954
2,0,0.016818907985324316
0,0,0.0663743584183526
0,1,-0.026576281585179717
3,1,-0.11082273572347495
3,1,-0.22414892947825632
5,0,0.012604461685289003
5,0,0.04541196880962939
3,1,-0.11374505143540731
5,0,0.04293116641461381
0,0,0.07091765876237743
4,1,-0.13428146108975964
4,1,-0.050151848119187825
3,0,0.04433418382846466
2,1,-0.04821026934933015
4,1,-0.2577977274704342
3,1,-0.22553401531173484
0,1,-0.14829083370478197
3,1,-0.11333611334274923
2,0,0.03726891225902379
0,0,0.07067380751342578
6,1,-0.01259510706206457
0,1,-0.21948941771972824
2,1,-0.00535547430723482
1,0,0.02774402220000638
5,0,0.04541196880962939
0,0,0.009879848475933595
0,0,0.06853329441337108
2,1,-0.0050268720940295775
0,1,-0.0018618026264968224
1,0,0.02462605356304337
2,0,0.016818907985324316
3,1,-0.1319745563666906
4,1,-0.23197300071621535
0,0,0.055908755265115406
6,0,0.00012839316254087407
2,0,0.016818907985324316
3,0,0.009328327332899511
2,0,0.037805858268215975
4,1,-0.014018143393410898
5,0,0.04541196880962939
5,0,0.04151983711423857
4,1,-0.014018143393410898
2,0,0.0038350343731303194
3,1,-0.11374505143540731
0,0,0.04936598149463062
4,1,-0.2628850847653302
2,0,0.016818907985324316
5,0,0.020678031984448675
2,0,0.0038350343731303194
0,0,0.05721027874124651
2,1,-0.00031157851857627206
0,0,0.033964126027522024
5,0,0.03347955160884042
5,0,0.023683470342882318
5,0,0.04907863207934471
2,1,-0.002072341733626859
4,1,-0.22301473725036985
2,1,-0.002072341733626859
5,0,0.044010526348501444
1,0,0.03207528797297726
5,0,0.02701421791065378
3,1,-0.11473322994650176
2,0,0.016818907985324316
4,1,-0.26826502463957697
5,0,0.04541196880962939
3,0,0.03818843661713994
4,1,-0.24128436150017046
2,1,-0.00031157851857627206
3,1,-0.005998564203263779
2,1,-0.05112651598510659
0,1,-0.15077830346388504
4,1,-0.23197300071621535
0,0,0.05841270196307985
3,1,-0.11293154636418817
5,0,0.04293116641461381
0,0,0.04480908462272015
4,1,-0.014018143393410898
4,1,-0.23410458466335377
3,1,-0.11471929618878579
0,0,0.06678274630135134
4,1,-0.13543284797975724
4,1,-0.22301473725036985
4,0,0.010139873692063872
4,1,-0.2577977274704342
6,1,-0.01122668477318095
2,1,-0.05112651598510659
2,1,-0.002374810012999551
0,0,0.05894563071747755
0,0,0.03274534372243293
0,0,0.019105397280315684
1,0,0.04087781491868181
5,0,0.03917736655658338
1,0,0.022692096038720577
5,0,0.04512431948362228
4,1,-0.13428146108975964
2,1,-0.04655376517965126
2,0,0.016818907985324316
5,0,0.04541196880962939
0,1,-0.07691047489440833
4,1,-0.2577977274704342
0,0,0.05871433509448182
0,0,0.06986499580302291
0,0,0.04200482950321416
4,1,-0.21426466771529834
5,0,0.044010526348501444
5,0,0.04541196880962939
0,0,0.03031935623786719
2,1,-0.002072341733626859
4,1,-0.13428146108975964
2,0,0.016818907985324316
3,0,0.033330978882952
0,0,0.05462010980565135
2,1,-0.002374810012999551
1,0,0.03161774493069969
0,0,0.05522931765480926
3,1,-0.1139677604712393
0,0,0.051283789599130325
0,1,-0.2206809639004474
5,0,0.04293116641461381
3,1,-0.24840288518478054
6,1,-0.01122668477318095
6,1,-0.017410169092024697
2,0,0.016818907985324316
3,1,-0.10908148549700253
2,0,0.01884727147770271
0,1,-0.03296350372298157
2,1,-0.03360945857106529
2,0,0.016818907985324316
0,1,-0.23328058719999661
2,1,-0.00031157851857627206
4,1,-0.2628850847653302
4,1,-0.2577977274704342
3,1,-0.0014782772621525497
3,0,0.05177329607341158
3,0,0.0012776622022273032
3,1,-0.13015022091268086
0,0,0.07094920951034395
2,0,0.016818907985324316
0,0,0.06210055525015995
2,0,0.016818907985324316
0,0,0.0690471085363511
4,1,-0.13428146108975964
5,0,0.01366829070733866
3,1,-0.11308172908884112
0,0,0.032794183837974
1,0,0.027494062537658903
0,0,0.029381439776071938
3,1,-0.10908148549700253
5,0,0.023683470342882318
0,1,-0.028208839548979348
2,0,0.016818907985324316
4,1,-0.22427462061939113
5,0,0.04293116641461381
4,1,-0.014018143393410898
4,0,0.017253714787611396
0,0,0.0002558796211182268
4,1,-0.08851761858942525
1,0,0.04087781491868181
5,0,0.04293116641461381
3,0,0.004333927764122503
4,1,-0.21426466771529834
2,1,-0.03360945857106529
0,1,-0.09623090996878753
0,1,-0.14613282360555807
2,0,0.0029669950027485514
2,1,-0.00031157851857627206
2,1,-0.03360945857106529
0,1,-0.062201932682910854
5,0,0.023683470342882318
3,0,0.013139642197614543
4,1,-0.13428146108975964
0,0,0.04499345340302208
3,1,-0.1316040824355293
2,1,-0.0050268720940295775
5,0,0.04541196880962939
5,0,0.04293116641461381
4,1,-0.22740715026003105
0,0,0.03482938441559319
4,1,-0.014018143393410898
3,0,0.0007054726517037868
5,0,0.03860571498400828
0,0,0.06075667970411802
2,0,0.016818907985324316
0,0,0.06364089177102772
4,1,-0.22301473725036985
5,0,0.011789175519079542
4,1,-0.22301473725036985
3,1,-0.11308172908884112
3,1,-2.1029498478597475e-05
5,0,0.029969061541169906
0,1,-0.0986628846625972
0,0,0.004979176172233091
2,0,0.016818907985324316
4,1,-0.2146784225499086
4,1,-0.13428146108975964
5,0,0.04293116641461381
0,0,0.038763961530250524
5,0,0.04746013431661722
6,1,-0.00030262734548369696
2,0,0.01884727147770271
4,1,-0.014018143393410898
2,0,0.039225393193118685
3,1,-0.11374505143540731
4,1,-0.050151848119187825
3,1,-0.11339956364155007
2,1,-0.00031157851857627206
4,1,-0.11431243190562207
2,1,-0.002072341733626859
5,0,0.04541196880962939
2,0,0.039225393193118685
1,0,0.02462605356304337
5,0,0.04936304942077341
3,1,-0.24247957923945812
0,0,0.020130338155576744
5,0,0.03318214156363447
3,1,-0.11334016031178168
2,1,-0.00031157851857627206
0,1,-0.10176733858176096
5,0,0.03347955160884042
5,0,0.04541196880962939
3,1,-0.11308172908884112
4,1,-0.014018143393410898
2,1,-0.03360945857106529
5,0,0.04293116641461381
4,1,-0.22268211081150197
5,0,0.04293116641461381
4,1,-0.014018143393410898
6,1,-0.01259510706206457
0,0,0.0002558796211182268
5,0,0.04541196880962939
4,0,0.013164126008803623
2,0,0.039225393193118685
3,1,-0.11261490778231081
4,1,-0.2577977274704342
0,1,-0.08538660345636911
2,0,0.04343098392166711
0,1,-0.007741050659925308
5,0,0.04541196880962939
3,1,-0.2249901033490474
2,0,0.016818907985324316
4,1,-0.21426466771529834
5,0,0.04541196880962939
3,1,-0.11395552650985125
1,0,0.04087781491868181
5,0,0.04293116641461381
2,1,-0.002072341733626859
2,0,0.03987623128823531
0,0,0.0521994864330953
5,0,0.04541196880962939
0,0,0.056821319747463406
3,1,-0.11333611334274923
4,1,-0.08851761858942525
3,1,-0.23774765364146938
0,0,0.06711741759701079
2,0,0.01884727147770271
5,0,0.04746013431661722
4,0,0.00603848437781046
3,1,-0.2239994305733834
3,1,-0.23863005397933762
3,0,0.03818843661713994
2,0,0.016818907985324316
4,1,-0.26826502463957697
0,1,-0.08345853342612386
4,1,-0.13428146108975964
2,1,-0.0050268720940295775
3,0,0.03247357857109395
0,0,0.01198306494251189
0,0,0.07055709885644845
3,1,-0.11128843172607011
0,1,-0.1509950763418259
4,1,-0.22740715026003105
0,1,-0.20093021466406907
2,0,0.016818907985324316
0,1,-0.017972033237670104
0,0,0.03446877754570776
0,0,0.07251771240417887
1,0,0.03959174562865836
5,0,0.029969061541169906
5,0,0.04541196880962939
2,0,0.03987623128823531
3,1,-0.1309674638614567
3,1,-0.11299494636906543
0,1,-0.07268056927538347
3,1,-0.12886252453422314
2,1,-0.047545756196232525
3,1,-0.1128218282502002
5,0,0.03945444012584798
5,0,0.04293116641461381
0,0,0.06444495825567109
5,0,0.04258143006418391
3,1,-0.12907217050365954
0,1,-0.023825930964372632
5,0,0.04541196880962939
3,0,0.03891612354590657
2,1,-0.002072341733626859
3,0,0.0033518930777396427
3,0,0.03099051940043701
4,1,-0.23197300071621535
2,1,-0.03360945857106529
2,1,-0.006629330449382853
0,1,-0.009580814545414873
0,0,0.03680890410289467
2,1,-0.0050268720940295775
5,0,0.041306016505525345
3,0,0.01103627226056264
3,1,-0.12978460202077352
1,1,-0.04084149548611865
2,1,-0.00535547430723482
4,1,-0.014018143393410898
5,0,0.04293116641461381
4,1,-0.23410458466335377
0,0,0.06413816112829535
5,0,0.04746013431661722
4,1,-0.13428146108975964
4,1,-0.22740715026003105
5,0,0.04541196880962939
2,0,0.016818907985324316
3,1,-0.13138633836347807
0,0,0.04745435591741182
3,1,-0.11913897867945572
2,0,0.03987623128823531
0,0,0.04607605601011466
0,1,-0.026628458526061327
4,1,-0.22427462061939113
0,0,0.03574826822551874
5,0,0.04541196880962939
1,0,0.03291132241108097
1,0,0.04017379120231046
4,1,-0.13428146108975964
5,0,0.03686800050104089
0,1,-0.11443291112339377
0,0,0.045958736340847905
3,0,0.0033518930777396427
5,0,0.04541196880962939
4,1,-0.19979147823226479
5,0,0.04293116641461381
2,1,-0.04606178437012176
0,1,-0.2979185070034653
6,1,-0.17448500963168462
2,1,-0.00031157851857627206
3,1,-0.1305070458068472
2,1,-0.007135393219495856
4,1,-0.014018143393410898
4,1,-0.21426466771529834
3,1,-0.1139677604712393
0,1,-0.07366817970886941
2,0,0.016818907985324316
3,0,0.029576074771070437
4,1,-0.13428146108975964
2,1,-0.047545756196232525
5,0,0.04293116641461381
4,1,-0.22952326209169444
1,1,-0.1965497027649566
2,1,-0.0050268720940295775
2,1,-0.00031157851857627206
2,1,-0.047545756196232525
3,1,-0.2408027260675622
4,1,-0.13428146108975964
5,0,0.04293116641461381
0,0,0.02988865229772697
3,1,-0.11362212204645944
4,1,-0.13428146108975964
0,1,-0.029728196407840468
0,0,0.06237675273639798
3,1,-0.0008278297252387046
5,0,0.04541196880962939
3,1,-0.10799639789808663
4,1,-0.014018143393410898
5,0,0.04656431418309587
3,1,-0.131159942978697
4,1,-0.23410458466335377
0,0,0.06989631761839188
4,1,-0.06224299596419136
4,1,-0.22301473725036985
1,0,0.04055787411915418
0,1,-0.240645165860148
2,1,-0.045256585219512535
0,0,0.03400129619836234
4,1,-0.22301473725036985
5,0,0.04293116641461381
5,0,0.041306016505525345
0,1,-0.006525383285959752
3,1,-0.24840288518478054
5,0,0.04293116641461381
5,0,0.04936304942077341
2,0,0.03726891225902379
5,0,0.04541196880962939
2,1,-0.04460958878915494
2,1,-0.00031157851857627206
2,0,0.016818907985324316
0,0,0.06363707023241416
5,0,0.04541196880962939
0,1,-0.03812239066693546
5,0,0.04541196880962939
2,1,-0.002072341733626859
3,1,-0.24209875143336462
6,0,0.03438716101501815
6,1,-0.0115030204043588
0,1,-0.1004253411801248
4,1,-0.014018143393410898
5,0,0.04541196880962939
2,0,0.016818907985324316
5,0,0.04512431948362228
4,1,-0.014018143393410898
5,0,0.03651848643837119
5,0,0.012604461685289003
3,1,-0.13315605290545357
6,1,-0.0115030204043588
2,0,0.0038350343731303194
4,1,-0.13428146108975964
0,1,-0.10642407163329487
5,0,0.04936304942077341
5,0,0.03651848643837119
4,1,-0.13428146108975964
4,1,-0.22740715026003105
0,1,-0.0803820894714869
0,0,0.06908849539962747
2,0,0.01884727147770271
4,1,-0.22301473725036985
4,1,-0.26826502463957697
0,0,0.029381439776071938
4,1,-0.22301473725036985
2,1,-0.06613111066107003
0,1,-0.17624834910128223
0,1,-0.06877379969834108
4,1,-0.014018143393410898
0,0,0.03237332528986486
5,0,0.04151983711423857
3,1,-0.10902258467029918
4,1,-0.2225636655449546
3,0,0.04983282573413189
5,0,0.04541196880962939
6,1,-0.0115030204043588
3,1,-0.12942826575686744
3,1,-0.12907217050365954
1,0,0.02462605356304337
2,1,-0.002374810012999551
5,0,0.04293116641461381
1,0,0.02462605356304337
3,1,-0.22288930097320941
4,1,-0.014018143393410898
2,0,0.016818907985324316
5,0,0.03347955160884042
2,0,0.016818907985324316
0,1,-0.137836637238329
5,0,0.015176319532824
2,0,0.039225393193118685
2,0,0.016818907985324316
2,1,-0.002072341733626859
6,1,-0.0115030204043588
2,0,0.016818907985324316
3,1,-0.11437314945720028
2,1,-0.002072341733626859
3,0,0.03814643015086261
2,1,-0.00535547430723482
3,1,-0.13138633836347807
5,1,-0.019959245153062077
2,1,-0.00031157851857627206
2,0,0.016818907985324316
2,0,0.016818907985324316
2,0,0.016818907985324316
3,1,-0.1197127064969486
4,1,-0.22427462061939113
4,1,-0.014018143393410898
5,0,0.041306016505525345
2,0,0.016818907985324316
5,0,0.04293116641461381
2,1,-0.006629330449382853
4,1,-0.13428146108975964
4,1,-0.23410458466335377
5,0,0.04541196880962939
5,0,0.04541196880962939
5,0,0.04541196880962939
6,1,-0.01259510706206457
3,1,-0.11431363282937651
3,0,0.0007054726517037868
4,1,-0.22301473725036985
3,0,0.0042559702802686394
1,0,0.02774402220000638
5,0,0.03347955160884042
4,1,-0.2577977274704342
3,1,-0.10939114033722391
4,1,-0.13428146108975964
4,0,0.010455822844627205
0,0,0.039734831444735
0,0,0.06622964415909194
2,0,0.0038350343731303194
0,1,-0.038016690553829446
2,1,-0.00535547430723482
5,0,0.015176319532824
1,0,0.04055787411915418
2,0,0.016818907985324316
2,0,0.016818907985324316
4,1,-0.22396002274503174
4,1,-0.014018143393410898
0,0,0.07180526635241274
5,0,0.03945444012584798
2,1,-0.0050268720940295775
1,0,0.04087781491868181
2,1,-0.00031157851857627206
5,0,0.04512431948362228
5,0,0.01679031685957416
3,0,0.03844884353964145
4,1,-0.014018143393410898
4,0,0.010455822844627205
5,0,0.04541196880962939
4,1,-0.21426466771529834
6,1,-0.017410169092024697
1,0,0.03161774493069969
3,1,-0.11681509239389604
2,1,-0.002374810012999551
3,1,-0.23331870675193495
2,0,0.0029669950027485514
5,0,0.04936304942077341
5,0,0.04541196880962939
1,0,0.02462605356304337
2,0,0.0038350343731303194
2,1,-0.00031157851857627206
5,0,0.03917736655658338
5,0,0.04293116641461381
0,1,-0.05591415229907987
3,1,-0.13138633836347807
3,1,-0.11116647948089736
5,0,0.04293116641461381
6,1,-0.016569744849469714
0,0,0.06579810378025625
0,0,0.07011833008617274
5,0,0.04541196880962939
5,0,0.04541196880962939
4,1,-0.22782980012726656
4,0,0.016190212005632754
2,1,-0.002072341733626859
5,0,0.04258143006418391
0,0,0.037019325865046415
0,1,-0.040654047140935234
0,1,-0.09223259403181072
5,0,0.028472892837890784
0,0,0.060356724173942555
3,1,-0.22414892947825632
5,0,0.04293116641461381
2,1,-0.0050268720940295775
0,0,0.04745435591741182
4,1,-0.13428146108975964
5,0,0.04293116641461381
0,0,0.029630122896702638
5,0,0.04541196880962939
1,0,0.04087781491868181
4,1,-0.014018143393410898
0,1,-0.12248471658892951
2,1,-0.002072341733626859
5,0,0.04541196880962939
5,0,0.04541196880962939
0,0,0.058086623619467925
6,1,-0.1065685221632589
5,0,0.04293116641461381
3,1,-0.11395552650985125
6,1,-0.22731337422524317
4,1,-0.014018143393410898
3,1,-0.11204731158795861
0,0,0.06376239220645052
4,1,-0.014018143393410898
4,1,-0.22427462061939113
4,1,-0.2146784225499086
2,0,0.01884727147770271
2,1,-0.00031157851857627206
5,0,0.04541196880962939
0,0,0.07282808968757115
5,0,0.04541196880962939
4,1,-0.22301473725036985
0,1,-0.1868307974093945
4,1,-0.014018143393410898
2,1,-0.00535547430723482
2,0,0.0038350343731303194
3,1,-0.24704194207813807
5,0,0.029969061541169906
0,0,0.03725173037831919
2,1,-0.04608869736910909
0,1,-0.20027039819816966
0,0,0.028153959766650416
2,0,0.03987623128823531
2,0,0.016818907985324316
0,1,-0.04471335173411545
4,1,-0.014018143393410898
4,1,-0.2577977274704342
4,1,-0.12364655173464817
0,0,0.07334973224795205
5,0,0.03347955160884042
5,0,0.04541196880962939
3,0,0.03160040556865029
6,1,-0.017410169092024697
4,1,-0.000812861732890191
3,1,-0.13055999923828726
5,0,0.044010526348501444
0,0,0.03365336614707459
4,1,-0.22301473725036985
0,0,0.07025177041505998
4,1,-0.23197300071621535
5,0,0.03347955160884042
5,0,0.03347955160884042
0,0,0.0004229962498328854
4,1,-0.21426466771529834
3,1,-0.11204731158795861
6,1,-0.00030262734548369696
3,0,0.004068123792828282
2,1,-0.00031157851857627206
0,0,0.0660917335360261
5,0,0.03347955160884042
3,0,0.046960096593413436
0,1,-0.12689325924205214
5,0,0.03347955160884042
3,1,-0.11437314945720028
1,0,0.02774402220000638
4,0,0.031146086066879852
3,1,-0.1308026764926435
5,0,0.04541196880962939
2,0,0.04249053679485065
4,0,0.0015950698248827222
6,1,-0.01122668477318095
3,1,-0.13138633836347807
5,0,0.04541196880962939
6,1,-0.0115030204043588
2,1,-0.0050268720940295775
2,0,0.016818907985324316
2,1,-0.00031157851857627206
4,1,-0.22427462061939113
6,1,-0.016849696745195375
5,0,0.03347955160884042
5,0,0.042641487791846566
4,1,-0.014018143393410898
4,1,-0.1371226984100416
3,1,-0.12949014104242357
5,0,0.04293116641461381
3,1,-0.11330505470789393
4,1,-0.014018143393410898
5,0,0.05284776021983262
2,0,0.04343098392166711
3,0,0.0042559702802686394
4,0,0.014380548593818876
3,0,0.0007054726517037868
6,1,-0.016849696745195375
0,0,0.03949298734495876
5,0,0.04541196880962939
6,1,-0.016569744849469714
1,0,0.026134897025323955
6,1,-0.01259510706206457
4,1,-0.11431243190562207
3,1,-0.13102891875321215
3,1,-0.046993321026111146
2,0,0.016818907985324316
4,1,-0.1371226984100416
0,0,0.003304353927817749
5,0,0.04512431948362228
5,0,0.04541196880962939
3,1,-0.13118503533851716
2,1,-0.04821026934933015
0,0,0.029630122896702638
5,0,0.04541196880962939
0,0,0.0646673169245019
0,0,0.061554259323764626
6,1,-0.01122668477318095
3,1,-0.22456937413197492
5,0,0.04541196880962939
5,0,0.04541196880962939
0,1,-0.05824177476705317
5,0,0.028472892837890784
2,1,-0.05045765069330982
5,0,0.04541196880962939
0,1,-0.11596648206149168
4,1,-0.05051732821834082
3,1,-0.11471929618878579
3,1,-2.1029498478597475e-05
2,1,-0.00031157851857627206
2,0,0.0038350343731303194
2,0,0.016818907985324316
2,0,0.0038350343731303194
2,0,0.0029669950027485514
3,1,-0.1316040824355293
5,0,0.04843632241914497
4,1,-0.08851761858942525
3,1,-0.11339956364155007
3,1,-0.11368155819247655
3,1,-0.1308026764926435
0,0,0.0612819872486135
0,1,-0.016086412404873962
4,1,-0.08825860343770675
0,0,0.0005242620322818969
5,0,0.04843632241914497
3,1,-0.13122142027222478
0,0,0.06850772349273787
3,0,0.0030854244503923933
3,1,-0.11255559576445501
6,1,-0.0115030204043588
0,0,0.0729260842483147
3,1,-0.1309632771257166
2,1,-0.002374810012999551
4,1,-0.23197300071621535
4,1,-0.21426466771529834
2,0,0.016818907985324316
3,0,0.03134144444607351
2,1,-0.002374810012999551
5,0,0.04293116641461381
2,0,0.03987623128823531
2,1,-0.0050268720940295775
0,0,0.07105048300491612
3,1,-0.22575693537672065
2,0,0.016818907985324316
4,1,-0.11431243190562207
3,0,0.010868978478907776
6,1,-0.004872751762971639
0,1,-0.26229326979170814
0,0,0.07215729541524579
5,0,0.04541196880962939
2,0,0.0038350343731303194
2,1,-0.002072341733626859
6,1,-0.005366978197550498
0,0,0.0719082267173583
0,0,0.05390775584958957
3,1,-0.13239422977454246
2,0,0.0038350343731303194
3,1,-0.22288930097320941
5,0,0.04293116641461381
5,0,0.04293116641461381
4,1,-0.2577977274704342
5,0,0.041306016505525345
6,1,-0.016569744849469714
3,0,0.048891832461926577
2,0,0.016818907985324316
2,0,0.03987623128823531
0,1,-0.09456119416361025
0,0,0.05873442738461082
5,0,0.04541196880962939
3,1,-0.11437314945720028
4,0,0.014380548593818876
0,0,0.04535324660812001
0,1,-0.17852121584914132
3,0,0.0030854244503923933
4,1,-0.11431243190562207
5,0,0.04746013431661722
2,1,-0.04608869736910909
5,0,0.04293116641461381
6,1,-0.01122668477318095
2,1,-0.04675103279148379
2,1,-0.04608869736910909
5,0,0.044010526348501444
4,1,-0.2577977274704342
4,1,-0.23410458466335377
4,1,-0.08655374259859722
5,0,0.04541196880962939
4,1,-0.014018143393410898
2,0,0.0029669950027485514
3,0,0.04193603388274847
4,1,-0.08851761858942525
5,0,0.023683470342882318
2,0,0.04348060145294835
4,1,-0.014018143393410898
4,1,-0.014018143393410898
1,0,0.01637658063456382
4,0,0.013164126008803623
5,0,0.04541196880962939
5,0,0.04293116641461381
0,0,0.05588287893074123
3,0,0.009328327332899511
0,1,-0.137850694836204
5,0,0.04293116641461381
3,1,-0.13086411220554378
0,0,0.05583697804162846
5,0,0.028472892837890784
2,0,0.03874085148527168
4,1,-0.09045407893024954
3,1,-0.22330889309114493
3,1,-0.2249901033490474
1,0,0.04017379120231046
0,0,0.03564954123908043
5,0,0.042641487791846566
5,0,0.04541196880962939
0,1,-0.06229799034951339
0,1,-0.19480509284922393
3,1,-0.005340739209690137
0,0,0.04513329592728793
5,0,0.04746013431661722
0,1,-0.11391611061532131
4,1,-0.13428146108975964
4,1,-0.1656998092467254
3,1,-0.22200085995041846
3,1,-0.005998564203263779
2,1,-0.00031157851857627206
0,1,-0.059716809099844614
2,1,-0.002072341733626859
5,0,0.04541196880962939
0,0,0.0543827268692994
2,0,0.0029669950027485514
3,1,-0.11437314945720028
3,1,-0.13196828830578172
4,1,-0.09045407893024954
4,0,0.010455822844627205
0,0,0.012873649081055538
0,1,-0.02243462336985158
3,0,0.031105538952128253
4,1,-0.21426466771529834
0,0,0.041078353232678166
5,0,0.04151983711423857
2,1,-0.04608869736910909
2,1,-0.002072341733626859
2,1,-0.00031157851857627206
0,0,0.06278785136446602
2,1,-0.047545756196232525
4,1,-0.13428146108975964
3,0,0.03438443769180993
3,1,-0.12948954150832998
0,0,0.06682804569324624
5,0,0.04293116641461381
5,0,0.04541196880962939
4,1,-0.2577977274704342
4,1,-0.050151848119187825
3,1,-0.11374505143540731
2,1,-0.002701244857896523
5,0,0.04936304942077341
0,0,0.05978450109576339
2,0,0.016818907985324316
2,0,0.016818907985324316
4,0,0.010139873692063872
6,1,-0.0115030204043588
4,1,-0.014018143393410898
3,1,-0.24166645065415054
5,0,0.04541196880962939
2,1,-0.00031157851857627206
2,1,-0.002072341733626859
3,0,0.051163798016225226
2,1,-0.03360945857106529
0,0,0.07021643276875733
3,0,0.03134144444607351
3,1,-0.22538606541158118
0,0,0.033964126027522024
4,1,-0.24184536314749255
2,1,-0.050019260932326004
0,0,0.06349626117779111
2,1,-0.0050268720940295775
0,0,0.03590915704000658
5,0,0.04541196880962939
2,1,-0.00031157851857627206
1,0,0.03959174562865836
3,1,-0.1309632771257166
3,1,-0.13125916346737704
2,0,0.016818907985324316
0,0,0.07113155403193833
4,1,-0.21996571138247628
2,0,0.0038350343731303194
3,1,-0.13132065230872786
4,0,0.03082877486960678
4,1,-0.22301473725036985
5,0,0.03917736655658338
4,1,-0.22740715026003105
0,0,0.06509781866520153
3,0,0.05285368292670184
0,0,0.07047147924968677
2,1,-0.002374810012999551
3,1,-0.23646045099830243
3,1,-0.13102891875321215
3,1,-0.22451906232652258
3,1,-0.11309772741857943
3,1,-0.11437314945720028
3,1,-0.24791411511588285
0,1,-0.010817675361634527
1,0,0.04087781491868181
2,1,-0.002072341733626859
4,1,-0.1371226984100416
4,1,-0.21426466771529834
5,0,0.04293116641461381
4,1,-0.01212118387267469
6,1,-0.016849696745195375
2,0,0.03726891225902379
4,1,-0.22427462061939113
4,1,-0.014018143393410898
1,0,0.02462605356304337
5,0,0.04541196880962939
2,0,0.016818907985324316
4,1,-0.08622664584992162
4,1,-0.22427462061939113
4,1,-0.24128436150017046
4,1,-0.014018143393410898
4,1,-0.050151848119187825
4,1,-0.2404207293423269
5,0,0.03917736655658338
5,0,0.04293116641461381
0,0,0.03329519711097095
3,1,-0.11593418665259819
2,1,-0.00031157851857627206
4,1,-0.2577977274704342
2,1,-0.00031157851857627206
0,1,-0.0025199673570159287
0,0,0.06573921337548683
2,1,-0.002072341733626859
3,0,0.033474292094673674
2,1,-0.002072341733626859
3,1,-0.13138633836347807
2,0,0.03987623128823531
3,0,0.004415966525203596
2,0,0.016818907985324316
6,1,-0.017410169092024697
4,1,-0.2577977274704342
5,0,0.04293116641461381
5,1,-0.00039978262287931887
4,1,-0.13428146108975964
0,0,0.07108877220209664
5,0,0.042641487791846566
4,1,-0.22427462061939113
0,0,0.06698960626934014
5,0,0.04541196880962939
3,1,-0.11327671739681416
4,1,-0.13428146108975964
2,0,0.03756270860997468
6,1,-0.017410169092024697
4,1,-0.21426466771529834
2,1,-0.044993547852366034
5,0,0.04541196880962939
2,1,-0.0050268720940295775
0,0,0.016430025416502847
2,0,0.03987623128823531
5,0,0.04293116641461381
5,0,0.04541196880962939
5,0,0.027701954085423974
3,1,-0.11374505143540731
0,0,0.042676349331688346
5,0,0.030349830730175165
0,0,0.05404993653053247
2,0,0.0038350343731303194
0,1,-0.01997297578805257
4,1,-0.23963783100612307
0,0,0.05647965733157412
5,0,0.04541196880962939
4,1,-0.23410458466335377
5,0,0.04541196880962939
3,0,0.004338025326267758
5,0,0.04293116641461381
2,0,0.03987623128823531
0,0,0.03717694133048899
2,1,-0.00031157851857627206
2,0,0.016818907985324316
3,1,-0.11362212204645944
5,0,0.03347955160884042
3,0,0.0012776622022273032
4,1,-0.21426466771529834
2,1,-0.05045765069330982
5,0,0.03917736655658338
6,1,-0.01122668477318095
0,1,-0.009862277065892155
0,1,-0.08079427080975887
2,0,0.016818907985324316
3,1,-0.12984591924459926
6,1,-0.016569744849469714
0,0,0.06636565142206052
0,0,0.07044600145237462
2,1,-0.04608869736910909
5,0,0.015176319532824
0,1,-0.11111732299976013
2,1,-0.002072341733626859
5,0,0.04541196880962939
0,1,-0.1346861833078949
5,0,0.04746013431661722
6,1,-0.014666279920762637
6,1,-0.017410169092024697
5,0,0.04541196880962939
5,0,0.04293116641461381
5,0,0.04541196880962939
5,0,0.04293116641461381
3,1,-0.13138633836347807
3,0,0.03677317375735539
0,0,0.02987863781864397
0,1,-0.05743691319392785
5,0,0.044010526348501444
2,0,0.016818907985324316
2,1,-0.00031157851857627206
6,0,0.04348060145294835
3,1,-0.11471929618878579
0,0,0.056821319747463406
0,0,0.07112580692657078
5,0,0.03281678147597905
2,0,0.0038350343731303194
5,0,0.04541196880962939
0,1,-0.010695167775501058
0,1,-0.09734090135825707
3,1,-0.22702239039956257
5,0,0.04541196880962939
3,1,-0.11322630819163165
5,0,0.04293116641461381
3,1,-0.22610399480115467
1,0,0.02462605356304337
3,1,-0.11471929618878579
0,0,0.02688575534024351
0,1,-0.12243703769459119
3,1,-0.10873915194086131
1,0,0.03929574644312511
4,1,-0.13428146108975964
4,1,-0.050151848119187825
3,1,-0.13138633836347807
0,0,0.05978704077099378
4,1,-0.08851761858942525
3,0,0.0033518930777396427
4,1,-0.21426466771529834
3,0,0.010868978478907776
2,0,0.0038350343731303194
3,1,-0.13323040822172244
0,0,0.04026696294648874
3,1,-0.11082273572347495
3,0,0.013139642197614543
4,1,-0.014018143393410898
5,0,0.03651848643837119
4,1,-0.26826502463957697
3,1,-0.22372876919542511
2,1,-0.00031157851857627206
5,0,0.03945444012584798
2,1,-0.002072341733626859
2,0,0.0029669950027485514
5,0,0.04293116641461381
1,1,-0.022515468021571783
3,1,-0.11163249067364961
1,0,0.04087781491868181
2,0,0.03987623128823531
5,0,0.04541196880962939
2,1,-0.006959242253898046
3,1,-0.11593418665259819
5,0,0.04293116641461381
2,0,0.016818907985324316
0,1,-0.19759801345983158
1,0,0.02462605356304337
4,1,-0.13428146108975964
3,0,0.0030854244503923933
4,1,-0.1300084843089107
2,1,-0.002072341733626859
3,0,0.0015453535230969817
2,1,-0.002072341733626859
4,1,-0.014018143393410898
4,1,-0.014018143393410898
4,1,-0.2146784225499086
3,1,-0.10873915194086131
0,0,0.07263738230625405
4,1,-0.13428146108975964
3,0,0.050226411693170436
2,0,0.03874085148527168
5,0,0.04541196880962939
3,0,0.029576074771070437
4,1,-0.13428146108975964
2,0,0.0038350343731303194
0,1,-0.057971831380836725
4,1,-0.014018143393410898
3,1,-0.11374505143540731
1,0,0.04087781491868181
0,0,0.049039530966853595
5,0,0.029969061541169906
3,0,0.002614309480463317
2,1,-0.043544853077174706
2,1,-0.00031157851857627206
0,0,0.030732335070613015
5,0,0.04541196880962939
5,0,0.04293116641461381
5,0,0.023683470342882318
3,1,-0.11368155819247655
4,1,-0.22427462061939113
5,0,0.04293116641461381
3,1,-0.13138633836347807
3,1,-0.1329905825213245
0,0,0.06024553747641931
2,0,0.03726891225902379
0,0,0.0674564112145985
1,0,0.027993812800266027
0,1,-0.10148462252309276
1,0,0.007660867558691387
4,1,-0.22301473725036985
5,0,0.04541196880962939
3,1,-0.1205280790882684
4,1,-0.014018143393410898
3,1,-0.227867455190976
4,1,-0.0547229578588766
0,0,0.02914787434075622
2,0,0.03987623128823531
0,0,0.039243570910089176
0,0,0.059096246389248375
0,0,0.05409602599907415
4,0,0.013164126008803623
4,1,-0.2577977274704342
2,1,-0.00031157851857627206
0,0,0.037191121419146045
4,1,-0.03627378053214336
5,0,0.03318214156363447
2,0,0.0038350343731303194
0,0,0.01608859714390848
4,0,0.017253714787611396
4,1,-0.012377545169086623
4,0,0.011231257762621127
0,0,0.06472409255363892
3,1,-0.10908148549700253
5,0,0.03347955160884042
5,0,0.042641487791846566
3,1,-0.0008278297252387046
2,1,-0.0001327649158252009
4,1,-0.21426466771529834
0,0,0.0629613278976413
2,0,0.016818907985324316
3,0,0.0035359760279357055
3,1,-0.131159942978697
2,1,-0.00031157851857627206
5,0,0.04258143006418391
2,1,-0.04821026934933015
1,0,0.04177553071808221
5,0,0.04541196880962939
4,1,-0.2577977274704342
3,1,-0.22288930097320941
4,1,-0.13428146108975964
1,0,0.04087781491868181
3,1,-0.11334016031178168
0,0,0.03658644061997013
6,1,-0.0115030204043588
4,1,-0.014018143393410898
4,1,-0.2577977274704342
0,0,0.0690471085363511
2,0,0.0038350343731303194
3,0,0.00024754020223993756
5,0,0.023683470342882318
0,0,0.05797750273836305
5,0,0.04293116641461381
4,1,-0.014018143393410898
6,1,-0.017410169092024697
4,1,-0.2628850847653302
0,0,0.02462605356304337
5,0,0.04293116641461381
1,0,0.04087781491868181
5,0,0.04293116641461381
5,0,0.03347955160884042
4,1,-0.13428146108975964
2,0,0.016818907985324316
5,0,0.04293116641461381
2,1,-0.00031157851857627206
1,0,0.04055787411915418
2,0,0.037805858268215975
0,0,0.07018822780191764
3,1,-0.13239422977454246
2,1,-0.002072341733626859
3,1,-0.11368155819247655
2,0,0.0029669950027485514
4,1,-0.21389366383462688
3,1,-0.11116647948089736
3,1,-0.1309632771257166
5,0,0.04746013431661722
4,1,-0.014018143393410898
4,1,-0.21426466771529834
5,0,0.04541196880962939
5,0,0.023683470342882318
5,0,0.030552965032311474
3,1,-0.22702239039956257
3,0,0.0035359760279357055
5,0,0.044010526348501444
4,1,-0.22740715026003105
2,0,0.016818907985324316
4,1,-0.01212118387267469
4,1,-0.13428146108975964
2,1,-0.00535547430723482
2,1,-0.05008199917551526
3,1,-0.22984865453461073
6,1,-0.016569744849469714
1,0,0.04087781491868181
4,1,-0.1300084843089107
5,0,0.02198987429250948
3,1,-0.11295986450911549
5,0,0.04293116641461381
0,0,0.048818771422767526
2,1,-0.04675103279148379
0,0,0.05101808990030854
0,1,-0.15159422685199625
2,0,0.01884727147770271
0,0,0.06518080078548305
5,0,0.04293116641461381
2,1,-0.04794512318460947
5,0,0.04512431948362228
4,1,-0.13428146108975964
6,1,-0.01259510706206457
0,0,0.024217873490771036
2,1,-0.04608869736910909
2,1,-0.002374810012999551
0,0,0.06446857018790508
5,0,0.04293116641461381
3,1,-0.24334557443377908
5,0,0.04541196880962939
4,0,0.010139873692063872
2,1,-0.006959242253898046
0,1,-0.17570115704595385
0,1,-0.08414714359308073
3,0,0.05285368292670184
3,1,-0.11339956364155007
3,1,-0.1308026764926435
4,1,-0.2577977274704342
5,0,0.0320305544166577
3,1,-0.11047922445971475
4,0,0.014380548593818876
4,1,-0.1656998092467254
0,0,0.06875549688417731
3,1,-0.11437314945720028
2,0,0.01884727147770271
5,0,0.04541196880962939
5,0,0.04293116641461381
0,1,-0.1131324021123355
0,0,0.0007501567143440302
6,0,0.021107907137333515
6,1,-0.017410169092024697
2,1,-0.002072341733626859
5,0,0.04541196880962939
2,1,-0.002072341733626859
4,1,-0.014018143393410898
3,1,-0.24209875143336462
3,1,-0.11333611334274923
0,0,0.005867630547199243
0,0,0.059096246389248375
3,1,-0.11322630819163165
3,1,-0.11204731158795861
2,1,-0.0044837280115137546
2,1,-0.002072341733626859
1,1,-0.03802573980283008
0,0,0.0
4,1,-0.22427462061939113
2,1,-0.002072341733626859
3,0,0.0033518930777396427
2,0,0.007995653195351005
5,0,0.04541196880962939
2,1,-0.00535547430723482
5,0,0.03347955160884042
5,0,0.04293116641461381
0,0,0.005748835376565953
5,0,0.04293116641461381
2,0,0.03987623128823531
5,0,0.028472892837890784
5,0,0.03686800050104089
6,1,-0.01259510706206457
0,1,-0.03760898979255467
5,0,0.04258143006418391
4,1,-0.21426466771529834
2,1,-0.04821026934933015
3,1,-0.11437314945720028
2,0,0.033455092204181025
3,0,0.04425669257103132
5,0,0.04293116641461381
0,0,0.06884601258835743
0,0,0.033121092088878645
3,0,0.0033518930777396427
5,0,0.04746013431661722
0,0,0.06513865716620021
3,1,-0.24883974528562364
3,0,0.0007054726517037868
0,0,0.0713685761794689
4,1,-0.050151848119187825
4,1,-0.014018143393410898
4,1,-0.11431243190562207
2,0,0.016818907985324316
2,0,0.016818907985324316
2,1,-0.00031157851857627206
4,0,0.017253714787611396
6,1,-0.016569744849469714
5,0,0.04541196880962939
3,0,0.002614309480463317
3,0,0.009328327332899511
5,0,0.03917736655658338
3,1,-0.2249397574917978
0,0,0.057424276790768
2,0,0.001028361370989217
3,1,-0.11831332932210642
0,0,0.04348060145294835
0,0,0.0330187976393474
3,0,0.002614309480463317
2,0,0.016818907985324316
0,0,0.05841045676652906
0,0,0.059665794436880526
4,1,-0.13428146108975964
3,0,0.00024754020223993756
5,0,0.04293116641461381
5,0,0.04541196880962939
0,0,0.03031935623786719
0,0,0.07155470361927407
3,1,-0.11145088624247063
2,1,-0.047545756196232525
0,1,-0.0015873219802203797
5,0,0.0285060738550052
3,1,-0.1139677604712393
0,0,0.061554259323764626
5,0,0.04541196880962939
5,0,0.04293116641461381
1,0,0.04055787411915418
5,0,0.04541196880962939
2,0,0.03874085148527168
4,1,-0.014018143393410898
3,1,-0.13102891875321215
5,0,0.04293116641461381
4,1,-0.014018143393410898
5,0,0.042641487791846566
0,0,0.06521753972289257
3,1,-0.1309674638614567
4,1,-0.22427462061939113
5,0,0.04541196880962939
0,0,0.02915359812532531
3,1,-0.1309632771257166
0,1,-0.007329358127827146
0,0,0.07055686987247445
0,0,0.056821319747463406
3,1,-0.22367852542448924
2,0,0.016818907985324316
2,0,0.013425356561069635
0,0,0.06946656499583892
5,0,0.04293116641461381
3,1,-0.11471929618878579
6,1,-0.010592855755077346
0,1,-0.0628755649061083
4,0,0.031146086066879852
2,0,0.016818907985324316
3,1,-0.11152224510431302
2,1,-0.007135393219495856
4,1,-0.2577977274704342
0,1,-0.09909894511844886
0,0,0.061167542064652414
0,0,0.0690471085363511
5,0,0.04541196880962939
2,0,0.016818907985324316
5,0,0.04293116641461381
4,1,-0.13428146108975964
4,1,-0.22584021221695566
5,0,0.04293116641461381
2,1,-0.005627836213626225
2,0,0.0029669950027485514
4,1,-0.014018143393410898
5,0,0.041306016505525345
4,1,-0.08983354304866231
5,0,0.04541196880962939
0,0,0.05837686989193558
1,0,0.03264948096330811
1,1,-0.20913840899063169
2,1,-0.002072341733626859
5,0,0.04541196880962939
2,0,0.016818907985324316
4,1,-0.06224299596419136
5,0,0.04258143006418391
3,1,-0.13239422977454246
5,0,0.04541196880962939
4,1,-0.2577977274704342
0,0,0.031050733695932253
3,1,-0.10873915194086131
4,1,-0.1393679584930036
3,0,0.0051086873036269576
2,1,-0.002072341733626859
0,1,-0.0699988109560798
0,0,0.02073930236722943
4,1,-0.014018143393410898
3,1,-0.11261490778231081
4,1,-0.014018143393410898
0,0,0.06812394579970793
2,1,-0.002072341733626859
5,0,0.04541196880962939
5,0,0.03917736655658338
6,1,-0.017410169092024697
5,0,0.033968688630161004
3,1,-0.0008278297252387046
2,1,-0.002072341733626859
2,0,0.03874085148527168
4,1,-0.21426466771529834
0,0,0.061060478341115554
6,0,0.03987623128823531
4,1,-0.13428146108975964
0,0,0.07259098681498727
3,0,0.05411439469298379
2,1,-0.03360945857106529
2,1,-0.0050268720940295775
3,1,-0.11301105668399264
0,1,-0.08968280217124325
3,1,-0.24030732749139577
2,0,0.016818907985324316
3,1,-0.22526131466228788
0,0,0.061554259323764626
6,1,-0.017410169092024697
2,0,0.016818907985324316
5,0,0.04541196880962939
0,0,0.03297817901776173
5,0,0.04541196880962939
4,1,-0.13428146108975964
4,1,-0.13428146108975964
2,1,-0.04460958878915494
0,0,0.03603163558428746
2,1,-0.00535547430723482
2,1,-0.0050268720940295775
0,0,0.06026585464622458
5,0,0.04293116641461381
0,0,0.005278963273269155
5,0,0.04293116641461381
4,1,-0.13428146108975964
3,1,-0.13020253818275557
5,0,0.03945444012584798
4,1,-0.22427462061939113
3,1,-0.11261490778231081
4,1,-0.22301473725036985
4,1,-0.05051732821834082
4,1,-0.01184443014200981
0,1,-0.0023241685319372873
0,0,0.03161774493069969
5,0,0.023683470342882318
2,1,-0.04821026934933015
0,0,0.06649617230004184
5,0,0.03686800050104089
5,0,0.04541196880962939
4,1,-0.13428146108975964
5,0,0.04293116641461381
3,0,0.030794836676954596
3,1,-0.11267736374813647
1,0,0.011239805712624618
2,0,0.016818907985324316
0,1,-0.03580629402366703
4,1,-0.2225636655449546
1,0,0.04087781491868181
5,0,0.04293116641461381
3,1,-0.13157897017045467
5,0,0.03651848643837119
3,0,0.05285368292670184
2,1,-0.002072341733626859
6,0,0.03438716101501815
2,0,0.03987623128823531
2,0,0.04249053679485065
4,1,-0.21426466771529834
4,1,-0.26434159278726715
5,0,0.03945444012584798
2,1,-0.03360945857106529
6,1,-0.016849696745195375
4,1,-0.1371226984100416
3,1,-0.12902670623099882
0,0,0.03174761229484535
5,0,0.04151983711423857
3,0,0.03134144444607351
2,1,-0.00535547430723482
3,0,0.03798994502925557
0,1,-0.19613809254940712
2,1,-0.050019260932326004
3,0,0.033864309356348155
1,0,0.04087781491868181
5,0,0.04936304942077341
0,0,0.06279496745914459
5,0,0.04541196880962939
6,1,-0.01122668477318095
5,0,0.04541196880962939
4,1,-0.1516430688893719
3,1,-0.22749532847356618
3,1,-0.131246515552431
4,1,-0.014018143393410898
2,0,0.016818907985324316
1,0,0.04087781491868181
5,0,0.040080658899607324
4,1,-0.08592845619347278
0,1,-0.017396044129262322
2,1,-0.002701244857896523
5,0,0.04293116641461381
1,0,0.04087781491868181
2,1,-0.048991049057170666
5,0,0.04293116641461381
5,0,0.04293116641461381
5,0,0.04512431948362228
0,0,0.06775727476739762
3,0,0.05192087620986757
2,1,-0.0050268720940295775
5,0,0.03629664350950007
0,1,-0.0034672177951229344
3,1,-0.12972011488658747
3,1,-0.2254111173220707
4,1,-0.13428146108975964
2,1,-0.002072341733626859
4,1,-0.014018143393410898
4,0,0.008773285605156667
5,0,0.04293116641461381
2,1,-0.002072341733626859
0,0,0.06298157677718919
2,1,-0.003663025283061283
2,0,0.016818907985324316
0,1,-0.112483253061401
4,1,-0.014018143393410898
3,1,-0.1118461304016532
3,1,-0.11204731158795861
6,1,-0.0115030204043588
0,1,-0.05656199341013146
5,0,0.03945444012584798
0,0,0.03274534372243293
5,0,0.042641487791846566
3,1,-0.22241985075791987
2,0,0.001028361370989217
0,0,0.07136779218312317
3,1,-0.11437314945720028
2,0,0.04249053679485065
2,1,-0.002072341733626859
2,0,0.016818907985324316
6,1,-0.0115030204043588
1,0,0.02393916440221422
5,0,0.04541196880962939
4,0,0.00603848437781046
0,0,0.05015255080444858
4,1,-0.13428146108975964
0,0,0.07258638533509681
5,0,0.029969061541169906
5,0,0.04293116641461381
4,1,-0.13428146108975964
0,1,-0.013450687665102379
2,0,0.016721741989954242
0,0,0.06898203950241971
3,1,-0.1304456516464509
0,0,0.06493197699655984
0,0,0.044713971179962286
2,1,-0.00031157851857627206
2,0,0.0038350343731303194
2,1,-0.00031157851857627206
3,1,-0.24704194207813807
6,1,-0.017410169092024697
2,0,0.038776813452209624
6,1,-0.17434746271919338
2,0,0.016818907985324316
3,1,-0.22414892947825632
1,0,0.011239805712624618
2,1,-0.048991049057170666
5,0,0.03347955160884042
5,0,0.04151983711423857
4,1,-0.2628850847653302
2,1,-0.04608869736910909
4,1,-0.014018143393410898
5,0,0.04746013431661722
3,0,0.002080193122211138
4,1,-0.08791508383473234
3,0,0.0033518930777396427
5,0,0.04541196880962939
5,0,0.04541196880962939
3,1,-0.22456937413197492
5,0,0.03250089245108895
5,0,0.04151983711423857
2,0,0.039225393193118685
0,0,0.049612978213962655
5,0,0.03945444012584798
4,1,-0.014018143393410898
4,1,-0.22301473725036985
3,1,-0.13086411220554378
5,0,0.023683470342882318
2,0,0.0029669950027485514
2,0,0.016818907985324316
2,1,-0.0029718103413163277
5,0,0.044010526348501444
4,1,-0.1300084843089107
3,0,0.03099051940043701
0,1,-0.22868650635029547
0,0,0.0002558796211182268
4,1,-0.13428146108975964
3,1,-0.11170297207315
0,0,0.05042344641433916
5,0,0.04541196880962939
5,0,0.023683470342882318
5,0,0.03663729668963017
0,1,-0.1592918858540497
5,0,0.012604461685289003
3,1,-0.11374505143540731
4,1,-0.13428146108975964
0,0,0.061554259323764626
3,1,-0.11593418665259819
0,0,0.06493281008069013
1,1,-0.1961482094256149
2,0,0.0029669950027485514
3,1,-0.11368155819247655
5,0,0.03347955160884042
1,0,0.03959174562865836
4,1,-0.2146784225499086
0,0,0.07325659308425331
4,1,-0.014018143393410898
5,0,0.023683470342882318
0,0,0.06284894620292525
3,1,-0.13203612846937945
3,1,-0.11431363282937651
3,0,0.033474292094673674
2,0,0.04249053679485065
3,0,0.004415966525203596
4,1,-0.014018143393410898
4,1,-0.13428146108975964
5,0,0.023683470342882318
5,0,0.04541196880962939
5,0,0.023683470342882318
5,0,0.03988821043137086
4,1,-0.07148205430379623
0,1,-0.06176675378526425
4,1,-0.21426466771529834
5,0,0.044010526348501444
2,0,0.016818907985324316
4,1,-0.13428146108975964
5,0,0.04293116641461381
3,1,-0.23769627524951992
2,1,-0.002072341733626859
4,1,-0.014018143393410898
0,0,0.017207214070541266
2,0,0.016818907985324316
5,0,0.04293116641461381
4,1,-0.2577977274704342
0,0,0.03254764220204415
3,1,-0.1309674638614567
1,0,0.04055787411915418
1,0,0.013422630008492809
4,1,-0.09045407893024954
5,0,0.04541196880962939
4,1,-0.00889992331181666
2,0,0.01884727147770271
2,1,-0.047545756196232525
0,1,-0.02679095882098731
4,1,-0.11431243190562207
0,0,0.07301051584784957
0,0,0.07203652384969556
6,1,-0.01259510706206457
0,0,0.06659185511440924
3,1,-2.1029498478597475e-05
3,0,0.0007054726517037868
0,0,0.07147871928216987
2,0,0.016818907985324316
6,1,-0.017410169092024697
1,0,0.02462605356304337
4,1,-0.21426466771529834
5,0,0.03651848643837119
6,1,-0.01122668477318095
2,0,0.019356117237110393
1,0,0.03925063511992671
3,1,-0.2220509679281974
4,0,0.013164126008803623
4,1,-0.014018143393410898
5,0,0.023683470342882318
5,0,0.04541196880962939
3,0,0.0012776622022273032
5,0,0.04541196880962939
4,1,-0.2404207293423269
3,0,0.00024754020223993756
5,0,0.04541196880962939
2,0,0.016818907985324316
2,1,-0.04821026934933015
4,1,-0.22301473725036985
5,0,0.04541196880962939
3,1,-0.11437314945720028
3,0,0.009328327332899511
1,0,0.02462605356304337
2,0,0.016818907985324316
3,0,0.029576074771070437
2,0,0.02876099913850494
1,0,0.02462605356304337
5,0,0.04541196880962939
3,1,-0.11261490778231081
3,0,0.006153578139232785
0,0,0.05129944388589708
0,1,-0.059208263070174794
5,0,0.04342283995960711
0,0,0.03329652341191047
5,0,0.04293116641461381
2,1,-0.002072341733626859
0,1,-0.021936315801684036
5,0,0.04293116641461381
2,0,0.016818907985324316
4,1,-0.014018143393410898
3,1,-0.11362212204645944
2,0,0.016818907985324316
5,0,0.04541196880962939
4,1,-0.23410458466335377
2,1,-0.00031157851857627206
4,1,-0.21426466771529834
5,0,0.02337804710161756
0,1,-0.04467740225388955
5,0,0.04541196880962939
0,0,0.06972537538077467
2,1,-0.002072341733626859
4,1,-0.22469515034279092
4,1,-0.13428146108975964
0,0,0.055169367107258616
2,1,-0.002072341733626859
5,0,0.04746013431661722
3,1,-0.22479006826827058
3,1,-0.11261490778231081
0,0,0.07159136663016152
0,0,0.03714073132752299
4,1,-0.08749228773979961
2,1,-0.0438007020562855
3,1,-0.11437314945720028
4,1,-0.014018143393410898
4,1,-0.21426466771529834
0,1,-0.19520567714678266
4,1,-0.22427462061939113
2,1,-0.00031157851857627206
3,1,-0.0008278297252387046
4,1,-0.21389366383462688
4,1,-0.012377545169086623
4,1,-0.22427462061939113
4,1,-0.0547229578588766
2,1,-0.002072341733626859
4,1,-0.08742430049692701
4,0,0.0015950698248827222
5,0,0.026021219873317514
3,1,-0.11227018436956931
5,0,0.04293116641461381
5,0,0.04512431948362228
4,0,0.031146086066879852
0,0,0.00728422313397592
6,1,-0.016849696745195375
2,0,0.016818907985324316
4,1,-0.014018143393410898
3,1,-0.11339956364155007
4,1,-0.21426466771529834
1,0,0.02462605356304337
5,0,0.04293116641461381
2,1,-0.005859940183854551
5,0,0.04151983711423857
2,1,-0.0438007020562855
2,1,-0.002374810012999551
3,1,-0.11333611334274923
4,1,-0.22427462061939113
5,0,0.02877415190081839
4,1,-0.23410458466335377
4,1,-0.13428146108975964
2,1,-0.002374810012999551
5,0,0.04541196880962939
5,0,0.04293116641461381
2,0,0.016818907985324316
5,0,0.04293116641461381
1,0,0.03207528797297726
1,0,0.03811326674287674
5,0,0.04541196880962939
1,0,0.033121092088878645
2,1,-0.0050268720940295775
5,0,0.03686800050104089
4,1,-0.01212118387267469
3,1,-0.11042016097543789
5,0,0.040080658899607324
2,0,0.0038350343731303194
3,1,-0.11437314945720028
4,1,-0.13428146108975964
3,1,-0.11374505143540731
0,1,-0.034265641462055296
3,0,0.03134144444607351
4,1,-0.2577977274704342
3,1,-0.0014782772621525497
2,1,-0.00535547430723482
2,0,0.05006521835136618
1,0,0.02462605356304337
3,1,-0.12984591924459926
4,1,-0.13428146108975964
5,0,0.029969061541169906
4,1,-0.014018143393410898
2,0,0.016818907985324316
4,1,-0.2577977274704342
3,1,-0.12659781292519307
6,1,-0.01259510706206457
2,1,-0.00031157851857627206
2,1,-0.0050268720940295775
0,1,-0.00030648480069145334
2,0,0.0038350343731303194
2,1,-0.00031157851857627206
3,1,-0.10873915194086131
0,0,0.05085744433069167
4,1,-0.09045407893024954
4,1,-0.11431243190562207
5,0,0.04541196880962939
4,1,-0.13428146108975964
2,1,-0.00031157851857627206
6,1,-0.01122668477318095
4,1,-0.014018143393410898
5,0,0.04293116641461381
3,0,0.0042559702802686394
0,0,0.06268850990497798
2,1,-0.03360945857106529
2,1,-0.05045765069330982
1,0,0.04055787411915418
5,0,0.029969061541169906
5,0,0.04541196880962939
5,0,0.04541196880962939
5,0,0.04541196880962939
4,1,-0.01184443014200981
0,0,0.06260033154201616
5,0,0.04293116641461381
3,0,0.03134144444607351
2,1,-0.005859940183854551
3,1,-0.11308172908884112
5,0,0.04293116641461381
3,1,-0.0010266056496748832
5,0,0.04293116641461381
1,0,0.04087781491868181
0,0,0.048695628373976785
3,1,-0.24753005120404187
3,1,-0.11437314945720028
2,0,0.016818907985324316
2,1,-0.00031157851857627206
3,0,0.012476301089857422
0,1,-0.09667248083792368
4,1,-0.23337334933057802
2,0,0.01884727147770271
3,1,-0.13118503533851716
0,1,-0.13608964645997462
6,1,-0.017410169092024697
6,1,-0.016849696745195375
5,0,0.04541196880962939
5,0,0.0015138808549908789
3,1,-0.21800312147039763
0,1,-0.0024269892028036533
1,0,0.02462605356304337
0,1,-0.06940619202271564
2,0,0.016818907985324316
5,0,0.028472892837890784
4,1,-0.16341990067456974
3,1,-0.11374505143540731
5,0,0.04293116641461381
6,1,-0.01122668477318095
2,1,-0.00535547430723482
5,0,0.04541196880962939
0,1,-0.025114070000674615
0,0,0.06854351952742394
2,1,-0.0050268720940295775
3,1,-0.11334016031178168
0,0,0.059096246389248375
3,1,-0.11374505143540731
2,1,-0.002072341733626859
3,1,-0.23197303979450662
0,1,-0.006488285348283829
4,1,-0.13428146108975964
4,1,-0.22952326209169444
3,1,-0.13239422977454246
3,1,-0.13122142027222478
5,0,0.04541196880962939
3,1,-0.11368155819247655
1,1,-0.036189125547876455
6,1,-0.017410169092024697
6,1,-0.0115030204043588
2,0,0.03532429492633815
2,1,-0.0438007020562855
3,1,-0.2288314164518725
4,1,-0.014018143393410898
3,1,-0.24253134480033905
2,1,-0.047545756196232525
2,1,-0.0050268720940295775
6,1,-0.0115030204043588
4,1,-0.13428146108975964
0,0,0.05850472403230428
3,0,0.050226411693170436
0,0,0.023078892405331064
0,0,0.07375312525279126
4,1,-0.1300084843089107
0,0,0.06524717031064647
5,0,0.023683470342882318
5,0,0.04541196880962939
4,1,-0.014018143393410898
0,1,-0.1445583117090365
4,1,-0.014018143393410898
1,0,0.04087781491868181
0,1,-0.09686560508976655
5,0,0.04541196880962939
4,1,-0.22301473725036985
2,1,-0.00031157851857627206
3,1,-0.12972011488658747
4,1,-0.014018143393410898
0,0,0.04447268511092439
0,1,-0.030225693997663394
3,1,-0.13132065230872786
4,1,-0.13428146108975964
5,0,0.04293116641461381
5,0,0.023683470342882318
5,0,0.029969061541169906
4,1,-0.22740715026003105
0,1,-0.2146699531367366
1,0,0.02462605356304337
4,1,-0.050151848119187825
2,1,-0.0050268720940295775
4,1,-0.1300084843089107
0,1,-0.1690959270374271
4,1,-0.2577977274704342
4,1,-0.09045407893024954
0,0,0.050128623911045
3,0,0.01762339168003707
4,1,-0.13428146108975964
6,1,-0.01259510706206457
4,1,-0.014018143393410898
6,1,-0.017410169092024697
5,0,0.04541196880962939
3,1,-0.13049799823326985
3,1,-0.0008278297252387046
0,0,0.061554259323764626
4,1,-0.13428146108975964
3,1,-0.1332921264873182
2,0,0.00960541766655304
5,0,0.03480606510952977
5,0,0.04541196880962939
2,1,-0.04821026934933015
5,0,0.04151983711423857
3,1,-0.1282875790935411
0,1,-0.12168734363442374
5,0,0.02337804710161756
4,1,-0.2404207293423269
0,0,0.06605148919441323
3,1,-0.11374505143540731
2,1,-0.002072341733626859
5,0,0.04541196880962939
0,0,0.03766329285122072
3,0,0.0012776622022273032
3,1,-0.11322630819163165
0,0,0.03949298734495876
3,0,0.02055850479647847
4,1,-0.21426466771529834
5,0,0.023683470342882318
3,1,-0.22575693537672065
1,0,0.04087781491868181
2,0,0.016818907985324316
5,0,0.04541196880962939
0,0,0.032794183837974
6,1,-0.01259510706206457
1,0,0.02462605356304337
0,0,0.06489060348450748
0,1,-0.0077976809831056815
5,0,0.0365733622075764
0,0,0.07164430404985944
2,1,-0.002072341733626859
1,1,-0.022515468021571783
5,0,0.04512431948362228
4,1,-0.13428146108975964
1,0,0.03959174562865836
4,1,-0.22301473725036985
3,1,-0.1309674638614567
0,0,0.06724500590500238
3,1,-0.13102891875321215
4,1,-0.012377545169086623
5,0,0.04541196880962939
3,0,0.0010521599009920557
2,1,-0.002072341733626859
4,1,-0.21426466771529834
4,1,-0.13428146108975964
5,0,0.04293116641461381
2,1,-0.04460958878915494
4,1,-0.22301473725036985
3,1,-0.005340739209690137
2,1,-0.00031157851857627206
3,1,-0.11733224283424765
5,0,0.04541196880962939
3,1,-0.0585680416403781
0,1,-0.07156050300845462
2,1,-0.0050268720940295775
4,1,-0.21426466771529834
5,0,0.04151983711423857
5,0,0.04541196880962939
2,0,0.03987623128823531
3,0,0.04692056980336784
4,1,-0.22740715026003105
5,0,0.04541196880962939
0,0,0.07001651061120406
0,0,0.02734292635479546
3,0,0.015204091730510683
2,1,-0.04460958878915494
3,1,-0.12631595646097188
3,1,-0.11374505143540731
5,0,0.04541196880962939
4,1,-0.22427462061939113
5,0,0.04541196880962939
3,0,0.050226411693170436
4,1,-0.22427462061939113
5,0,0.04541196880962939
5,0,0.03651848643837119
6,0,0.039225393193118685
2,0,0.0038350343731303194
2,0,0.016818907985324316
4,1,-0.13428146108975964
5,0,0.025717708911546455
5,0,0.044010526348501444
5,0,0.04541196880962939
5,0,0.03945444012584798
4,1,-0.2435768074379317
1,0,0.04087781491868181
5,0,0.04512431948362228
3,1,-0.11374505143540731
5,0,0.042641487791846566
0,1,-0.045508249822102775
4,1,-0.050151848119187825
0,0,0.009524745013899105
3,1,-0.11290051234798143
5,0,0.04293116641461381
5,0,0.04541196880962939
4,1,-0.12088213620083194
4,0,0.013164126008803623
3,1,-0.20754916460469847
0,1,-0.07257864110600326
4,1,-0.2628850847653302
4,1,-0.13428146108975964
0,0,0.0665084350921955
2,1,-0.0050268720940295775
2,0,0.016818907985324316
2,0,0.016818907985324316
1,0,0.04055787411915418
2,0,0.016818907985324316
5,0,0.0018371743698923915
5,0,0.04541196880962939
4,1,-0.014018143393410898
3,1,-0.0005587143391501681
4,0,0.013164126008803623
4,0,0.014380548593818876
4,1,-0.012377545169086623
0,1,-0.027921204812027423
6,0,0.03874085148527168
5,0,0.03663729668963017
4,1,-0.014018143393410898
5,0,0.028472892837890784
5,0,0.04293116641461381
4,1,-0.21426466771529834
4,1,-0.13428146108975964
5,0,0.026021219873317514
4,1,-0.22301473725036985
0,1,-0.0029480899980219855
2,1,-0.00031157851857627206
5,0,0.029969061541169906
6,1,-0.016569744849469714
1,0,0.02462605356304337
5,0,0.04293116641461381
2,0,0.0038350343731303194
5,0,0.04541196880962939
2,0,0.03874085148527168
2,1,-0.0050268720940295775
5,0,0.03917736655658338
5,0,0.023683470342882318
5,0,0.03347955160884042
5,0,0.04541196880962939
2,1,-0.00031157851857627206
2,1,-0.002072341733626859
5,0,0.04541196880962939
5,0,0.04541196880962939
5,0,0.03945444012584798
4,1,-0.13428146108975964
0,0,0.05608624321667971
0,1,-0.041950281131723
5,0,0.023683470342882318
6,1,-0.016569744849469714
3,1,-0.22702239039956257
3,1,-0.13138633836347807
6,1,-0.0115030204043588
5,0,0.04293116641461381
3,0,0.00024754020223993756
5,0,0.04746013431661722
0,0,0.061554259323764626
6,1,-0.1765486876990648
4,1,-0.014018143393410898
5,0,0.04293116641461381
0,0,0.06012219403651181
5,0,0.04293116641461381
3,1,-0.11295986450911549
5,0,0.04293116641461381
4,1,-0.2577977274704342
0,1,-0.22906045968467342
3,0,0.010868978478907776
3,1,-0.005340739209690137
3,1,-0.11239188415700246
4,1,-0.014018143393410898
6,1,-0.01259510706206457
6,0,0.00012839316254087407
3,0,0.03360640938477405
0,0,0.0707810391703031
2,1,-0.002072341733626859
5,0,0.04541196880962939
3,0,0.03332147227947779
5,0,0.04293116641461381
2,0,0.016818907985324316
4,1,-0.21426466771529834
5,0,0.04656431418309587
6,1,-0.017410169092024697
2,0,0.0029669950027485514
6,1,-0.016849696745195375
0,1,-0.1329391408734843
5,0,0.04293116641461381
3,1,-0.11082273572347495
2,0,0.037805858268215975
2,0,0.0038350343731303194
6,1,-0.01122668477318095
5,0,0.04293116641461381
5,0,0.04541196880962939
3,0,0.0015453535230969817
3,0,0.0015453535230969817
2,1,-0.00031157851857627206
5,0,0.023683470342882318
4,1,-0.20634072862647862
3,1,-0.11308172908884112
5,0,0.04541196880962939
4,1,-0.22427462061939113
4,1,-0.21426466771529834
4,1,-0.014018143393410898
3,1,-0.10908148549700253
2,0,0.0038350343731303194
4,1,-0.014018143393410898
5,0,0.04293116641461381
4,1,-0.06464937820403283
4,1,-0.014018143393410898
4,1,-0.2404207293423269
5,0,0.04293116641461381
0,0,0.061554259323764626
2,1,-0.00031157851857627206
2,1,-0.002072341733626859
5,0,0.04293116641461381
3,1,-0.1139677604712393
5,0,0.03917736655658338
2,1,-0.005754824629079447
0,0,0.06831884782312891
2,1,-0.04235591645418696
6,1,-0.017410169092024697
6,0,0.037805858268215975
4,1,-0.22952326209169444
4,1,-0.08983354304866231
5,0,0.04746013431661722
4,1,-0.015385978959686464
3,1,-0.11395552650985125
5,0,0.04541196880962939
1,0,0.04087781491868181
3,1,-0.11042016097543789
5,0,0.04293116641461381
3,1,-0.11360989635960256
5,0,0.05284776021983262
5,0,0.042641487791846566
4,1,-0.13428146108975964
0,0,0.0501419619300017
5,0,0.015176319532824
3,1,-0.24166645065415054
3,0,0.03891612354590657
3,1,-0.1316040824355293
2,1,-0.002072341733626859
5,0,0.023683470342882318
5,0,0.02454249869865649
4,1,-0.23903840657348746
3,1,-0.11471929618878579
0,0,0.03336724586768686
6,1,-0.01259510706206457
4,1,-0.13428146108975964
4,1,-0.2577977274704342
2,1,-0.05112651598510659
0,0,0.033475148429647106
3,1,-0.11418134465187918
2,0,0.016818907985324316
3,1,-0.11334016031178168
3,1,-0.13061032756009422
5,0,0.04541196880962939
5,0,0.04541196880962939
0,0,0.004331577696950972
3,1,-0.11082273572347495
3,1,-0.11362212204645944
3,1,-0.11290051234798143
0,0,0.06781555481795437
4,1,-0.23197300071621535
4,1,-0.21996571138247628
6,1,-0.01122668477318095
0,0,0.024673113431233407
5,0,0.03844242764066946
5,0,0.041306016505525345
5,0,0.04541196880962939
3,1,-0.13320369109916547
0,0,0.05420154564965135
3,1,-0.11322630819163165
5,0,0.04293116641461381
0,1,-0.006855254959755197
0,0,0.0440110977495653
0,0,0.06465621508906433
4,1,-0.22301473725036985
0,0,0.0706646112508128
4,1,-0.13428146108975964
3,1,-0.22702239039956257
6,1,-0.010592855755077346
4,1,-0.21426466771529834
0,1,-0.036314740117094624
1,0,0.03297817901776173
1,0,0.04087781491868181
4,1,-0.13428146108975964
3,1,-0.11288117125364866
2,0,0.0038350343731303194
0,0,0.06248626642258426
4,1,-0.014018143393410898
5,0,0.022195432443175345
3,1,-0.11412185034474981
5,0,0.04293116641461381
5,0,0.04541196880962939
4,1,-0.21426466771529834
4,1,-0.22740715026003105
3,1,-0.11076363226413116
3,0,0.00024754020223993756
5,0,0.04541196880962939
3,1,-0.13138633836347807
4,1,-0.1964323220914475
3,0,0.009328327332899511
2,1,-0.0050268720940295775
2,1,-0.00031157851857627206
6,0,0.03561777752893208
6,1,-0.01122668477318095
2,0,0.0029669950027485514
5,0,0.042641487791846566
0,1,-0.26629653726075414
4,1,-0.21426466771529834
3,0,0.05083756149662472
3,1,-0.13102891875321215
4,1,-0.014018143393410898
4,1,-0.13428146108975964
3,1,-0.11261490778231081
1,0,0.029940676258497445
0,0,0.02961361159688103
2,0,0.016818907985324316
4,1,-0.01742021895443857
3,1,-0.20790940689328635
0,0,0.0008734135700155798
3,1,-0.10908148549700253
0,0,0.061554259323764626
2,0,0.016818907985324316
2,0,0.016818907985324316
5,0,0.04293116641461381
2,1,-0.002701244857896523
1,0,0.038732025773840495
2,1,-0.00535547430723482
3,1,-0.13138633836347807
3,1,-0.057951913251510334
5,0,0.04258143006418391
0,1,-0.11596388231012594
3,0,0.033330978882952
5,0,0.04541196880962939
5,0,0.04293116641461381
4,1,-0.014018143393410898
4,1,-0.21426466771529834
1,0,0.04087781491868181
0,1,-0.08943419085018106
1,0,0.022692096038720577
2,1,-0.0050268720940295775
2,1,-0.002072341733626859
5,0,0.04293116641461381
0,0,0.06487035394154345
0,0,0.06247045374722876
5,0,0.03347955160884042
0,1,-0.2038420571845248
3,1,-0.11374505143540731
5,0,0.03945444012584798
3,1,-0.1316040824355293
0,0,0.057557726399331044
5,0,0.04541196880962939
5,0,0.03945444012584798
2,1,-0.0050268720940295775
0,1,-0.01801398870261861
3,1,-0.11368155819247655
5,0,0.04746013431661722
4,1,-0.2225636655449546
4,1,-0.014018143393410898
2,1,-0.00031157851857627206
3,1,-0.13167826936871357
5,0,0.04293116641461381
0,0,0.026601637924282384
2,1,-0.00031157851857627206
0,0,0.07329116679809672
4,1,-0.2577977274704342
4,0,0.00888768881967722
5,0,0.02701421791065378
5,0,0.02148922537798348
2,1,-0.0050268720940295775
4,1,-0.20359944592017082
4,1,-0.2577977274704342
3,1,-0.11374505143540731
4,1,-0.26826502463957697
2,1,-0.00031157851857627206
3,0,0.004333927764122503
0,1,-0.164425873865023
0,1,-0.07266384760408712
3,1,-0.11471929618878579
2,0,0.03756270860997468
5,0,0.041306016505525345
0,0,0.0022743137374823252
3,1,-0.11374505143540731
5,0,0.04293116641461381
2,1,-0.002072341733626859
0,0,0.07050386096000022
3,1,-0.11368155819247655
5,0,0.03250089245108895
4,1,-0.2404207293423269
5,0,0.04541196880962939
3,1,-0.2302221834231975
6,1,-0.014666279920762637
5,0,0.04293116641461381
0,0,0.061433593046168966
2,0,0.0029669950027485514
2,0,0.016818907985324316
3,1,-0.11471929618878579
2,0,0.03874085148527168
3,1,-0.11295986450911549
0,0,0.06661527537342471
2,1,-0.047545756196232525
3,1,-0.12936382223903703
3,1,-0.11261490778231081
5,0,0.04541196880962939
3,0,0.006153578139232785
3,1,-0.11362212204645944
6,1,-0.016569744849469714
0,0,0.054243995993550176
6,1,-0.01259510706206457
5,0,0.044010526348501444
2,0,0.0038350343731303194
0,0,0.0
0,1,-0.030250427305463012
0,0,0.031113695249959994
2,1,-0.00535547430723482
2,0,0.016818907985324316
3,0,0.002080193122211138
3,1,-0.22288930097320941
0,1,-0.08604514845505351
2,0,0.016818907985324316
4,1,-0.13428146108975964
2,1,-0.0050268720940295775
3,0,0.036327751157867405
0,0,0.06023383738880028
5,0,0.04293116641461381
5,0,0.04293116641461381
1,0,0.02462605356304337
6,1,-0.01122668477318095
4,1,-0.22301473725036985
0,0,0.027422547853677814
3,1,-0.0014782772621525497
6,1,-0.0115030204043588
4,1,-0.2577977274704342
5,0,0.03917736655658338
5,0,0.04541196880962939
0,0,0.0705101619190508
4,1,-0.014018143393410898
3,1,-0.22330889309114493
5,0,0.04541196880962939
3,1,-0.12978460202077352
1,1,-0.020971799743102537
2,0,0.016818907985324316
1,0,0.029940676258497445
0,1,-0.024357770652533584
0,1,-0.00880954457395211
2,0,0.016818907985324316
5,0,0.023444819535049732
2,1,-0.047545756196232525
3,1,-0.11227018436956931
4,1,-0.014018143393410898
5,0,0.04541196880962939
5,0,0.04541196880962939
4,1,-0.2354711159145853
3,1,-0.005998564203263779
4,1,-0.014018143393410898
2,1,-0.04460958878915494
4,1,-0.2577977274704342
1,0,0.04017379120231046
0,1,-0.05909790518399127
4,1,-0.13428146108975964
0,1,-0.05963182897580516
4,1,-0.22740715026003105
4,1,-0.21426466771529834
6,1,-0.01259510706206457
3,0,0.002080193122211138
5,0,0.04293116641461381
6,0,0.021107907137333515
4,1,-0.01212118387267469
0,0,0.0690471085363511
2,1,-0.00964852888527129
0,1,-0.023037973365332642
4,1,-0.09561408606655025
3,1,-0.13138633836347807
4,1,-0.014018143393410898
4,1,-0.13428146108975964
4,1,-0.2577977274704342
4,1,-0.1300084843089107
4,1,-0.22301473725036985
4,1,-0.2577977274704342
0,0,0.006686933907777803
5,0,0.04293116641461381
0,0,0.03564954123908043
0,1,-0.12145888577270297
5,0,0.015176319532824
3,1,-0.11374505143540731
0,0,0.07009115833958185
4,1,-0.22427462061939113
3,1,-0.13132065230872786
2,1,-0.047545756196232525
0,0,0.061554259323764626
0,0,0.06262510014792433
0,0,0.07000545352874332
4,1,-0.050151848119187825
2,0,0.016818907985324316
1,0,0.03207528797297726
4,0,0.031146086066879852
2,0,0.016818907985324316
4,1,-0.22427462061939113
0,1,-0.003041363452678192
5,0,0.029969061541169906
6,1,-0.017410169092024697
5,0,0.04293116641461381
4,0,0.031146086066879852
2,1,-0.047545756196232525
5,0,0.04746013431661722
3,1,-0.22702239039956257
1,0,0.02462605356304337
2,0,0.01884727147770271
2,1,-0.00031157851857627206
5,0,0.04541196880962939
5,0,0.015176319532824
4,1,-0.13428146108975964
0,0,0.04032257238306408
5,0,0.04541196880962939
3,0,0.0051086873036269576
0,1,-0.030173146915576876
5,0,0.03281678147597905
0,0,0.06550305802836703
4,1,-0.18550405327005387
0,0,0.061554259323764626
3,0,0.0033518930777396427
6,1,-0.010592855755077346
6,1,-0.017410169092024697
4,1,-0.014018143393410898
4,1,-0.23197300071621535
0,0,0.07312727339050756
5,0,0.04293116641461381
5,0,0.04293116641461381
2,1,-0.00535547430723482
4,1,-0.26826502463957697
2,1,-0.002701244857896523
4,1,-0.21426466771529834
2,1,-0.002072341733626859
2,1,-0.0050268720940295775
3,1,-0.11334016031178168
4,1,-0.22427462061939113
5,0,0.04541196880962939
6,1,-0.01259510706206457
0,0,0.00047461535042142566
6,1,-0.0115030204043588
2,0,0.04348060145294835
0,0,0.06525268213286878
0,0,0.01544148468474621
0,1,-0.0021689610325967834
3,1,-0.11273668993801617
4,1,-0.22301473725036985
3,0,0.00024754020223993756
4,1,-0.014018143393410898
4,1,-0.050151848119187825
3,1,-0.11374505143540731
0,1,-0.05199242847469443
5,0,0.04746013431661722
5,0,0.04293116641461381
2,1,-0.002072341733626859
4,1,-0.2577977274704342
2,0,0.016818907985324316
3,0,0.03757874745753437
1,0,0.038732025773840495
3,1,-0.1309674638614567
2,0,0.0038350343731303194
0,0,0.07159136663016152
4,1,-0.22427462061939113
5,0,0.04541196880962939
0,0,0.06702846413604663
3,1,-0.11402723684454646
5,0,0.04293116641461381
3,0,0.03360640938477405
0,1,-0.031011832574376785
3,1,-0.12659781292519307
2,1,-0.0050268720940295775
2,1,-0.00535547430723482
2,0,0.03987623128823531
4,1,-0.13428146108975964
2,0,0.029039890202313234
4,1,-0.2577977274704342
3,1,-0.11295986450911549
5,0,0.04541196880962939
3,1,-0.2262289144740131
3,1,-0.1309674638614567
2,0,0.016818907985324316
5,0,0.03367821425295808
2,1,-0.047545756196232525
3,1,-0.20750023033306225
2,1,-0.04608869736910909
2,1,-0.00031157851857627206
2,1,-0.0050268720940295775
6,1,-0.01122668477318095
3,0,0.004333927764122503
2,0,0.026668002634220478
4,1,-0.08825860343770675
5,0,0.03663729668963017
5,0,0.023683470342882318
5,0,0.04293116641461381
2,0,0.04343098392166711
4,1,-0.13428146108975964
5,0,0.040080658899607324
3,1,-0.12907217050365954
5,0,0.028472892837890784
5,0,0.04541196880962939
3,0,0.00024754020223993756
5,0,0.04293116641461381
4,1,-0.24128436150017046
3,0,0.0015453535230969817
2,0,0.04348060145294835
6,1,-0.016849696745195375
3,0,0.014545756629885276
3,1,-0.1319745563666906
1,0,0.04055787411915418
5,0,0.03347955160884042
0,1,-0.08385060182765147
4,1,-0.2404207293423269
5,0,0.04541196880962939
5,0,0.04293116641461381
6,1,-0.017410169092024697
6,0,0.021107907137333515
0,0,0.001184198654865798
4,1,-0.13428146108975964
0,0,0.0669415406807316
1,0,0.02462605356304337
3,1,-0.11368155819247655
3,1,-0.10873915194086131
3,1,-0.11322630819163165
4,1,-0.22301473725036985
2,1,-0.0044837280115137546
5,0,0.04541196880962939
0,0,0.03237332528986486
3,1,-0.1305070458068472
0,0,0.039035890161431774
0,1,-0.14452850461809913
4,1,-0.13428146108975964
4,1,-0.24085218699835836
1,0,0.04087781491868181
0,0,0.07092277122612839
3,1,-0.11261490778231081
6,1,-0.017410169092024697
2,0,0.016818907985324316
3,1,-0.11374505143540731
3,0,0.012476301089857422
5,0,0.04541196880962939
3,1,-0.24966200578920433
3,1,-0.1162294669619614
3,1,-0.23417229731342565
6,1,-0.01122668477318095
3,1,-0.13102891875321215
5,0,0.023683470342882318
2,1,-0.002072341733626859
2,0,0.016818907985324316
4,1,-0.13428146108975964
3,1,-0.1309674638614567
2,1,-0.002072341733626859
4,1,-0.13428146108975964
2,0,0.0029669950027485514
5,0,0.04541196880962939
0,0,0.02518707293132527
5,0,0.04293116641461381
2,1,-0.00031157851857627206
0,1,-0.07309296808089394
2,1,-0.0050268720940295775
4,1,-0.12364655173464817
3,1,-0.1305070458068472
4,1,-0.014018143393410898
3,0,0.05192087620986757
1,0,0.04087781491868181
4,1,-0.21426466771529834
0,0,0.0028950878027169114
5,0,0.04541196880962939
4,1,-0.13428146108975964
2,1,-0.048018739933756605
0,0,0.0600670742290651
3,1,-0.13167826936871357
0,1,-0.030831688468282215
0,0,0.05740204150274858
3,1,-0.13157897017045467
5,0,0.044010526348501444
4,1,-0.014018143393410898
5,0,0.04746013431661722
0,0,0.06537635920231971
0,1,-0.156895673012942
4,1,-0.014018143393410898
5,0,0.03945444012584798
2,0,0.03987623128823531
2,0,0.0038350343731303194
4,1,-0.1875488475540134
4,1,-0.23963783100612307
2,1,-0.00031157851857627206
5,0,0.04541196880962939
1,0,0.04055787411915418
0,1,-0.11457592956841028
4,1,-0.23410458466335377
5,0,0.04293116641461381
5,0,0.028472892837890784
0,1,-0.007272198182608547
5,0,0.04541196880962939
3,0,0.012476301089857422
3,0,0.009328327332899511
2,0,0.016818907985324316
5,0,0.04293116641461381
4,1,-0.1371226984100416
2,0,0.01884727147770271
2,0,0.016818907985324316
2,1,-0.002072341733626859
2,0,0.03987623128823531
3,0,0.03872401034955192
3,1,-0.20140655423550996
5,0,0.04293116641461381
3,1,-0.22451906232652258
0,1,-0.014476009537907786
6,0,0.002603860384380763
4,1,-0.26377871082167986
0,1,-0.0561048613950223
2,1,-0.0050268720940295775
3,1,-0.1139677604712393
6,1,-0.016849696745195375
1,0,0.02774402220000638
3,0,0.00024754020223993756
0,1,-0.05867181693212464
4,1,-0.014018143393410898
3,0,0.05177329607341158
2,0,0.037805858268215975
3,1,-0.1281888637564194
5,0,0.04797735335642961
4,1,-0.014018143393410898
5,0,0.04541196880962939
5,0,0.04541196880962939
2,0,0.016818907985324316
4,1,-0.21426466771529834
3,1,-0.11339956364155007
0,1,-0.2319980055922078
2,1,-0.002072341733626859
4,1,-0.22469515034279092
4,1,-0.014018143393410898
6,1,-0.010592855755077346
6,1,-0.0115030204043588
0,0,0.07222514616459919
5,0,0.04293116641461381
4,0,0.013164126008803623
2,0,0.016818907985324316
3,1,-0.13138633836347807
3,1,-0.13090182987280358
4,1,-0.21426466771529834
3,1,-0.11295986450911549
0,0,0.05974232875638874
2,0,0.016818907985324316
0,0,0.02516398065573744
1,0,0.02462605356304337
3,1,-0.13138633836347807
4,1,-0.13428146108975964
2,1,-0.03360945857106529
3,1,-0.11293154636418817
3,1,-0.2249901033490474
5,0,0.04541196880962939
2,0,0.037805858268215975
3,0,0.04016208046936681
4,1,-0.13428146108975964
5,0,0.04293116641461381
3,1,-0.11437314945720028
5,0,0.04293116641461381
0,0,0.059856395028434706
4,1,-0.2577977274704342
5,0,0.04293116641461381
2,0,0.0029669950027485514
2,0,0.036504132943408985
3,1,-0.13061032756009422
2,1,-0.002701244857896523
2,1,-0.0050268720940295775
5,0,0.04293116641461381
3,1,-0.1128507918104365
3,1,-0.11233259809283519
5,0,0.04293116641461381
4,1,-0.13428146108975964
3,0,0.002080193122211138
5,0,0.04151983711423857
3,0,0.033330978882952
3,1,-0.11395552650985125
5,0,0.029969061541169906
5,0,0.03281678147597905
3,1,-0.11402723684454646
5,0,0.03917736655658338
0,0,0.06217314883619157
4,1,-0.014018143393410898
2,1,-0.00535547430723482
1,0,0.04087781491868181
5,0,0.015176319532824
0,1,-0.012533827926959673
2,0,0.016818907985324316
5,0,0.041306016505525345
4,1,-0.2146784225499086
2,1,-0.002072341733626859
2,1,-0.03360945857106529
5,0,0.04293116641461381
2,0,0.016818907985324316
5,0,0.04541196880962939
0,0,0.057904536721444855
3,1,-0.13138633836347807
3,1,-0.11116647948089736
4,1,-0.21426466771529834
3,1,-0.131159942978697
5,0,0.04512431948362228
3,1,-0.1291334048108092
4,1,-0.01164819332401662
4,1,-0.23197300071621535
3,1,-0.11261490778231081
2,1,-0.002072341733626859
6,1,-0.016569744849469714
0,0,0.06006045441953817
6,1,-0.017410169092024697
3,1,-0.1319745563666906
4,1,-0.21426466771529834
0,0,0.07037353697590959
5,0,0.04151983711423857
0,0,0.07182881888300652
5,0,0.032010601342551515
2,1,-0.002072341733626859
3,1,-0.13122142027222478
2,0,0.0029669950027485514
4,1,-0.014018143393410898
5,0,0.023683470342882318
3,1,-0.22848389130073515
4,1,-0.2577977274704342
4,1,-0.13428146108975964
1,1,-0.009234829532561828
4,0,0.013164126008803623
5,0,0.03917736655658338
4,1,-0.21996571138247628
0,1,-0.14730230190090504
2,0,0.016818907985324316
0,0,0.021243511214875443
3,1,-0.11344301092507764
6,0,0.029994992805377763
4,1,-0.23410458466335377
4,1,-0.014018143393410898
5,0,0.04541196880962939
2,0,0.03987623128823531
4,1,-0.13428146108975964
6,1,-0.016569744849469714
5,0,0.023683470342882318
2,1,-0.006629330449382853
1,0,0.04055787411915418
4,1,-0.13428146108975964
4,1,-0.22740715026003105
4,1,-0.000812861732890191
2,1,-0.00535547430723482
0,1,-0.031933067757649536
3,1,-0.12948954150832998
4,1,-0.13428146108975964
5,0,0.04293116641461381
0,0,0.04428237254352918
0,0,0.06739782119383092
4,1,-0.12088213620083194
3,1,-0.11374505143540731
0,0,0.06811139731608001
4,1,-0.13428146108975964
2,1,-0.03360945857106529
2,1,-0.0050268720940295775
0,0,0.06042253017651256
2,0,0.03987623128823531
5,0,0.023683470342882318
0,0,0.047956194627969184
4,1,-0.014018143393410898
0,0,0.055347852729766944
3,1,-0.11374505143540731
2,1,-0.0050268720940295775
3,0,0.002614309480463317
5,0,0.028201423225125477
5,0,0.04541196880962939
2,0,0.016818907985324316
0,0,0.05850472403230428
1,1,-0.022515468021571783
3,0,0.03099051940043701
5,0,0.04541196880962939
5,0,0.04541196880962939
4,1,-0.014018143393410898
2,0,0.0038350343731303194
2,1,-0.002072341733626859
3,1,-0.22286788524165485
0,1,-0.15269968915664472
6,1,-0.01122668477318095
5,0,0.015176319532824
0,1,-0.00577870041449674
3,1,-0.13138633836347807
3,1,-0.10908148549700253
5,0,0.03543250742734899
5,0,0.023683470342882318
6,1,-0.016849696745195375
0,0,0.07178761723437349
5,0,0.04541196880962939
4,1,-0.17176621776642037
4,1,-0.13428146108975964
4,0,0.013164126008803623
4,0,0.016190212005632754
2,0,0.016818907985324316
5,0,0.04746013431661722
0,0,0.036183445535600156
2,1,-0.04675103279148379
2,0,0.01884727147770271
0,1,-0.09615398966669625
2,1,-0.045256585219512535
2,0,0.0038350343731303194
5,0,0.04293116641461381
2,1,-0.003966699001150709
3,1,-0.13132065230872786
3,0,0.03099051940043701
5,0,0.03347955160884042
1,0,0.03207528797297726
0,0,0.03725173037831919
2,0,0.016818907985324316
2,1,-0.002072341733626859
4,0,0.013164126008803623
3,0,0.03134144444607351
6,1,-0.017410169092024697
0,0,0.059366351063798506
5,0,0.03917736655658338
4,1,-0.08790966359550634
4,1,-0.22427462061939113
3,1,-0.11374505143540731
5,0,0.028472892837890784
1,0,0.0412861503033598
0,0,0.042368408665341084
2,1,-0.047545756196232525
3,0,0.004068123792828282
5,0,0.04541196880962939
4,1,-0.13428146108975964
5,0,0.04512431948362228
5,0,0.040080658899607324
4,1,-0.050151848119187825
0,0,0.040308393614609694
2,1,-0.00535547430723482
1,0,0.04087781491868181
4,1,-0.22427462061939113
0,1,-0.015408494843692888
0,0,0.04780818149424654
0,0,0.06267249520408058
2,1,-0.04235591645418696
2,0,0.016818907985324316
4,1,-0.014018143393410898
4,1,-0.2577977274704342
4,1,-0.014018143393410898
0,0,0.06075667970411802
0,0,0.03451965255508482
0,0,0.06160963937962627
2,0,0.04348060145294835
2,1,-0.002072341733626859
0,0,0.06284573332199106
4,1,-0.13428146108975964
0,0,0.0611329589025722
5,0,0.04293116641461381
4,1,-0.13428146108975964
5,0,0.042641487791846566
5,0,0.03917736655658338
5,0,0.04293116641461381
4,1,-0.050151848119187825
5,0,0.04541196880962939
0,1,-0.19831189831475543
3,1,-0.11437314945720028
4,1,-0.26377871082167986
3,1,-0.11471929618878579
6,1,-0.0115030204043588
3,0,0.03134144444607351
0,1,-0.05311830844646709
6,1,-0.0115030204043588
0,1,-0.12483275392590737
4,1,-0.2577977274704342
3,1,-0.13239422977454246
5,0,0.03347955160884042
5,0,0.04258143006418391
2,0,0.016818907985324316
4,1,-0.13428146108975964
1,0,0.007660867558691387
5,0,0.04151983711423857
3,1,-0.11437314945720028
5,0,0.04541196880962939
3,1,-0.13102891875321215
6,1,-0.17448500963168462
5,0,0.03663729668963017
0,1,-0.001160393972471585
0,0,0.04459964592057891
0,0,0.049024689126765
3,1,-0.11333611334274923
2,1,-0.00031157851857627206
5,0,0.03663729668963017
0,1,-0.05522262189308691
0,0,0.030469304141223563
0,0,0.05567513593975337
4,1,-0.22301473725036985
3,1,-0.22414892947825632
3,1,-0.11082273572347495
4,1,-0.014018143393410898
0,1,-0.036718686009682644
4,1,-0.10542985528526067
5,0,0.041306016505525345
0,1,-0.12400454653639442
1,0,0.012022136390451132
4,1,-0.22952326209169444
5,0,0.04541196880962939
3,1,-0.13262977724790698
4,0,0.017253714787611396
0,1,-0.1290839770419025
0,0,0.02691174630924109
2,0,0.016818907985324316
2,0,0.03987623128823531
3,0,0.04465722019984292
2,0,0.0029669950027485514
2,0,0.016818907985324316
3,1,-0.23107158101780695
1,0,0.02462605356304337
4,1,-0.26377871082167986
0,0,0.04747733466610532
5,0,0.04293116641461381
3,1,-0.12174124218480237
4,1,-0.2577977274704342
3,0,0.03099051940043701
2,1,-0.00031157851857627206
5,0,0.03917736655658338
3,1,-0.11437314945720028
2,0,0.016818907985324316
6,1,-0.01122668477318095
4,1,-0.22396002274503174
4,1,-0.050151848119187825
2,1,-0.002072341733626859
5,0,0.04293116641461381
3,1,-0.11374505143540731
5,0,0.029969061541169906
4,1,-0.13428146108975964
2,0,0.016818907985324316
5,0,0.03917736655658338
4,1,-0.050151848119187825
5,0,0.04151983711423857
4,1,-0.13428146108975964
4,1,-0.22427462061939113
3,1,-0.24037130186480132
5,0,0.044010526348501444
4,1,-0.014018143393410898
0,0,0.012618485030694016
3,0,0.04425669257103132
5,0,0.042641487791846566
0,1,-0.05631862246401881
5,0,0.0388846173249256
4,1,-0.01212118387267469
0,1,-0.11968888336910738
3,1,-0.11295986450911549
3,1,-0.1319745563666906
3,1,-0.11333611334274923
5,0,0.044010526348501444
5,0,0.04293116641461381
3,1,-0.0014782772621525497
1,0,0.04055787411915418
3,1,-0.10873915194086131
2,0,0.04343098392166711
6,1,-0.01259510706206457
1,0,0.03959174562865836
5,0,0.04293116641461381
3,1,-0.11374505143540731
2,1,-0.03360945857106529
4,1,-0.13428146108975964
4,1,-0.13428146108975964
4,0,0.00603848437781046
5,0,0.04541196880962939
5,0,0.04541196880962939
5,0,0.042641487791846566
1,0,0.04017379120231046
5,0,0.023683470342882318
3,1,-0.13102891875321215
1,0,0.04094269013687257
1,0,0.027494062537658903
5,0,0.04541196880962939
2,1,-0.002072341733626859
5,0,0.04541196880962939
5,0,0.04541196880962939
2,0,0.0038350343731303194
4,0,0.013164126008803623
5,0,0.04541196880962939
3,1,-0.10873915194086131
2,0,0.0038350343731303194
4,1,-0.014018143393410898
5,0,0.04293116641461381
4,1,-0.13428146108975964
0,0,0.040140158126361514
5,0,0.03917736655658338
5,0,0.028472892837890784
5,0,0.044010526348501444
3,1,-0.12984591924459926
0,0,0.05390775584958957
3,1,-0.11593418665259819
4,1,-0.24128436150017046
5,0,0.04541196880962939
4,1,-0.2577977274704342
3,1,-0.23945780767943986
3,1,-0.1139677604712393
6,1,-0.01122668477318095
1,0,0.0032067290780180002
4,1,-0.13428146108975964
3,0,0.03247357857109395
6,0,0.03874085148527168
5,0,0.04293116641461381
3,1,-0.0008278297252387046
2,0,0.0038350343731303194
4,1,-0.2577977274704342
4,1,-0.014018143393410898
3,1,-0.0005587143391501681
4,1,-0.13428146108975964
5,0,0.03347955160884042
4,1,-0.13428146108975964
2,1,-0.002072341733626859
3,1,-0.131246515552431
6,1,-0.01259510706206457
5,0,0.04541196880962939
3,1,-0.12978460202077352
2,0,0.016818907985324316
4,1,-0.13428146108975964
3,1,-0.13138633836347807
5,0,0.03686800050104089
4,1,-0.014018143393410898
6,1,-0.01259510706206457
5,0,0.04293116641461381
3,1,-0.11327671739681416
4,1,-0.26377871082167986
0,0,0.006686933907777803
4,1,-0.014018143393410898
2,1,-0.002072341733626859
4,1,-0.13428146108975964
2,1,-0.002072341733626859
4,0,0.03082877486960678
3,0,0.0007054726517037868
3,1,-0.11204731158795861
2,0,0.007418577435783114
0,0,0.04747733466610532
3,1,-0.13086411220554378
5,0,0.04541196880962939
0,1,-0.09506436814459224
5,0,0.04293116641461381
4,1,-0.22427462061939113
0,1,-0.019386622431462552
3,1,-0.13122142027222478
5,0,0.04293116641461381
2,1,-0.002072341733626859
3,0,0.050226411693170436
3,0,0.0015453535230969817
4,1,-0.2577977274704342
2,0,0.016818907985324316
6,1,-0.016849696745195375
0,0,0.061554259323764626
5,0,0.04541196880962939
5,0,0.04541196880962939
3,1,-0.11295986450911549
4,1,-0.21426466771529834
2,1,-0.00031157851857627206
2,0,0.016818907985324316
2,0,0.016818907985324316
2,1,-0.0050268720940295775
6,1,-0.07579992860427864
0,0,0.004331577696950972
0,0,0.0723027151496371
2,0,0.016818907985324316
3,1,-0.13138633836347807
1,0,0.02462605356304337
0,0,0.06617544317465252
0,1,-0.029061328435847522
2,0,0.016818907985324316
5,0,0.04293116641461381
3,1,-0.11322630819163165
0,0,0.06983861141218589
2,0,0.016818907985324316
0,0,0.06250993486121698
0,0,0.03294704941052423
0,0,0.06427172406197829
5,0,0.03860571498400828
5,0,0.04541196880962939
2,0,0.016818907985324316
3,1,-0.13239422977454246
5,0,0.04541196880962939
0,0,0.07403506604502924
0,0,0.03099620120766461
5,0,0.04293116641461381
0,0,0.0735022540721409
0,0,0.06436802833168348
3,1,-0.1316040824355293
0,1,-0.2289203911281244
2,0,0.039225393193118685
2,1,-0.043624148839902344
2,1,-0.04714968592211416
2,1,-0.002072341733626859
2,0,0.016818907985324316
3,1,-0.12749692629200465
1,1,-0.018176006649377963
6,1,-0.017410169092024697
6,1,-0.017410169092024697
5,0,0.04541196880962939
3,1,-0.13161673891077702
0,1,-0.12404554758781977
3,1,-0.22984865453461073
4,1,-0.1300084843089107
2,1,-0.002374810012999551
3,0,0.05318500451854913
0,0,0.05256146177355747
0,0,0.06620175680734086
0,1,-0.11016371263723018
4,1,-0.012377545169086623
6,1,-0.017410169092024697
4,0,0.014380548593818876
0,1,-0.021703833386183757
3,0,0.0030854244503923933
0,0,0.07223230823391924
5,0,0.026021219873317514
5,0,0.04541196880962939
4,1,-0.050151848119187825
0,0,0.06484128421805724
3,1,-0.22246999264954243
2,0,0.016818907985324316
5,0,0.03347955160884042
0,1,-0.1089870648171471
4,1,-0.014018143393410898
0,0,0.011239805712624618
5,0,0.04541196880962939
3,1,-0.11471929618878579
6,1,-0.016849696745195375
0,1,-0.0865705140691927
4,1,-0.21426466771529834
3,0,0.037302701201859856
4,1,-0.22396002274503174
3,1,-0.13026768479326928
3,1,-0.13091710147667385
0,0,0.0543405768828657
0,1,-0.25520676285667293
3,1,-0.13157897017045467
2,1,-0.002374810012999551
4,1,-0.13428146108975964
5,0,0.04293116641461381
2,0,0.0029669950027485514
0,0,0.03351107703745082
2,1,-0.0050268720940295775
4,0,0.010455822844627205
1,1,-0.028812632695394635
3,0,0.04692056980336784
0,0,0.05390775584958957
0,0,0.07126183139794895
5,0,0.03663729668963017
2,1,-0.002072341733626859
5,0,0.028472892837890784
5,0,0.04541196880962939
0,0,0.061554259323764626
0,0,0.07300091957150862
0,1,-0.03341498635468876
5,0,0.04293116641461381
3,0,0.03677317375735539
2,1,-0.002072341733626859
0,0,0.06075667970411802
5,0,0.04293116641461381
0,0,0.05618733085020017
3,0,0.0010521599009920557
4,1,-0.23410458466335377
1,0,0.03959174562865836
0,1,-0.011758247125512988
2,0,0.0029669950027485514
2,1,-0.0050268720940295775
3,1,-0.11374505143540731
4,1,-0.22782980012726656
0,1,-0.08657414595908319
3,1,-0.11898667832797599
5,0,0.04541196880962939
3,1,-0.22372876919542511
2,1,-0.006629330449382853
3,0,0.03891612354590657
2,1,-0.002374810012999551
3,0,0.00024754020223993756
0,0,0.06426702018761965
4,1,-0.014018143393410898
3,1,-0.13102891875321215
0,0,0.06493281008069013
1,0,0.02462605356304337
3,1,-0.13261759705818826
0,0,0.0266277186438324
5,0,0.04293116641461381
4,1,-0.21426466771529834
5,0,0.04541196880962939
2,0,0.0029669950027485514
3,1,-0.11145088624247063
3,1,-0.1155872182207574
5,0,0.04541196880962939
6,0,0.04743080360044338
1,0,0.027494062537658903
0,1,-0.07822987230529205
0,0,0.07110503966425585
0,1,-0.00787651818291174
0,0,0.07001982971401965
3,1,-0.24383088240877432
4,1,-0.26826502463957697
0,0,0.026052914027174745
5,0,0.04541196880962939
2,0,0.016818907985324316
2,1,-0.00535547430723482
0,1,-0.19796507620617582
0,1,-0.044275028528358185
0,0,0.03297817901776173
4,1,-0.07183982796000732
4,1,-0.014018143393410898
5,0,0.04541196880962939
0,0,0.06850772349273787
3,1,-0.1296584123201468
0,0,0.025610327814075295
2,1,-0.002374810012999551
3,0,0.03247357857109395
0,0,0.061554259323764626
0,1,-0.007718776482677492
5,0,0.029969061541169906
0,0,0.06906362247607278
0,1,-0.02328521422645846
5,0,0.03318214156363447
5,0,0.04541196880962939
2,1,-0.002374810012999551
2,1,-0.047545756196232525
2,0,0.01884727147770271
3,0,0.002080193122211138
4,1,-0.01184443014200981
3,1,-0.11374505143540731
2,0,0.039225393193118685
3,1,-0.11402723684454646
5,0,0.03917736655658338
5,0,0.04293116641461381
3,1,-0.227867455190976
4,1,-0.13428146108975964
4,1,-0.18462051728049228
2,1,-0.004294434799659574
5,0,0.040080658899607324
4,1,-0.13428146108975964
0,0,0.06075667970411802
3,0,0.027480519518104818
2,0,0.016818907985324316
5,0,0.04541196880962939
3,0,0.00024754020223993756
2,0,0.016818907985324316
4,1,-0.01212118387267469
4,1,-0.014018143393410898
4,1,-0.2577977274704342
6,1,-0.016569744849469714
5,0,0.04541196880962939
4,1,-0.014018143393410898
5,0,0.04541196880962939
2,0,0.016818907985324316
5,0,0.03686800050104089
0,0,0.021608733058695262
2,1,-0.002072341733626859
5,0,0.04258143006418391
2,0,0.016818907985324316
3,1,-0.11273668993801617
4,1,-0.1300084843089107
2,0,0.016818907985324316
2,1,-0.00031157851857627206
0,0,0.06665302814442942
0,0,0.06850772349273787
5,0,0.04541196880962939
2,0,0.03874085148527168
0,0,0.028443074690599757
3,0,0.0027634519215236075
2,1,-0.002072341733626859
0,0,0.03866069104519737
2,1,-0.007135393219495856
5,0,0.023683470342882318
2,1,-0.04608869736910909
2,1,-0.0050268720940295775
4,1,-0.13428146108975964
3,0,0.03247357857109395
4,1,-0.22301473725036985
2,1,-0.046253371751500016
2,1,-0.00031157851857627206
0,0,0.032937462318959
0,1,-0.08535639505215986
5,0,0.04541196880962939
0,0,0.060070935675898884
5,0,0.04541196880962939
3,1,-0.11395552650985125
3,0,0.03247357857109395
3,1,-0.11082273572347495
0,0,0.016482203942106588
0,0,0.021243511214875443
3,0,0.00024754020223993756
2,0,0.0038350343731303194
3,0,0.0051086873036269576
0,1,-0.05917651761022258
2,0,0.016818907985324316
0,0,0.010527965787868132
4,1,-0.13428146108975964
5,0,0.04541196880962939
6,1,-0.01259510706206457
0,1,-0.017669242107946792
4,1,-0.2146784225499086
5,0,0.04293116641461381
0,0,0.055887548772025286
1,0,0.02462605356304337
5,0,0.04746013431661722
2,1,-0.002701244857896523
5,0,0.03347955160884042
3,1,-0.24037130186480132
2,1,-0.00535547430723482
2,0,0.04249053679485065
3,1,-0.10908148549700253
0,0,0.06787478299575006
2,0,0.03874085148527168
3,0,0.0007054726517037868
4,1,-0.13428146108975964
5,0,0.042641487791846566
0,0,0.0693379302330353
2,0,0.016818907985324316
2,0,0.016818907985324316
3,0,0.03247357857109395
4,1,-0.050151848119187825
3,1,-0.2249901033490474
6,1,-0.016849696745195375
3,1,-0.13239422977454246
2,0,0.016721741989954242
6,1,-0.017410169092024697
6,1,-0.01122668477318095
3,0,0.004068123792828282
4,1,-0.2577977274704342
0,0,0.06635533363974333
4,1,-0.2195902093464726
3,1,-0.24037130186480132
6,1,-0.017410169092024697
0,0,0.06137474998582576
3,0,0.002614309480463317
1,0,0.033121092088878645
0,0,0.0048528442178148445
3,1,-0.24161475509363778
2,1,-0.002072341733626859
5,0,0.04293116641461381
3,1,-0.13239422977454246
2,1,-0.047545756196232525
3,0,0.05411439469298379
2,1,-0.002072341733626859
3,1,-0.13138633836347807
4,0,0.014380548593818876
5,0,0.02701421791065378
4,1,-0.014018143393410898
5,0,0.04541196880962939
5,0,0.04293116641461381
4,1,-0.082741927551499
3,1,-0.13239422977454246
5,0,0.04541196880962939
2,1,-0.002072341733626859
0,0,0.051557785318878224
5,0,0.03917736655658338
6,1,-0.017410169092024697
0,0,0.017640707543458256
2,0,0.04348060145294835
3,1,-0.2398886136154041
4,1,-0.014018143393410898
0,0,0.061554259323764626
4,1,-0.22427462061939113
3,1,-0.11261490778231081
5,0,0.03917736655658338
3,1,-0.13157897017045467
0,1,-0.0060268257351629995
3,1,-0.11017254101457113
5,0,0.04148741474167794
5,0,0.04258143006418391
4,1,-0.22396002274503174
0,0,0.06766314754814562
6,1,-0.01259510706206457
2,0,0.03987623128823531
5,0,0.023683470342882318
4,1,-0.11431243190562207
5,0,0.04293116641461381
2,1,-0.002072341733626859
2,0,0.016818907985324316
2,1,-0.007465718598194615
3,0,0.03851909213622734
3,1,-0.11374505143540731
0,0,0.06858210592578273
5,0,0.04293116641461381
5,0,0.03663729668963017
4,1,-0.01212118387267469
3,1,-0.13301046725850957
4,1,-0.2577977274704342
0,0,0.02691174630924109
3,1,-0.22310939864246243
0,1,-0.004762716804273759
0,1,-0.08367167934965752
3,1,-0.10873915194086131
3,1,-0.1139677604712393
4,1,-0.2577977274704342
3,1,-0.11170297207315
4,0,0.013164126008803623
4,0,0.013164126008803623
5,0,0.023683470342882318
4,1,-0.2435768074379317
6,1,-0.01259510706206457
4,1,-0.13428146108975964
4,1,-0.13428146108975964
2,0,0.016818907985324316
3,0,0.03247357857109395
5,0,0.03917736655658338
2,1,-0.047545756196232525
5,0,0.04541196880962939
2,1,-0.002072341733626859
0,0,0.06956378659884094
4,1,-0.21426466771529834
4,1,-0.014018143393410898
4,1,-0.13428146108975964
0,1,-0.04886353236885482
0,1,-0.017669242107946792
4,1,-0.1300084843089107
0,0,0.06623499150816475
3,1,-0.21041945507409526
0,0,0.037919638941019795
2,0,0.016818907985324316
0,1,-0.2167395608538532
3,1,-0.13102891875321215
4,1,-0.21426466771529834
3,1,-0.11344301092507764
3,1,-0.11330505470789393
4,1,-0.01212118387267469
5,0,0.023444819535049732
4,1,-0.10542985528526067
3,0,0.002614309480463317
0,1,-0.2276156348797828
3,1,-0.11437314945720028
5,0,0.04293116641461381
0,0,0.06518074562093634
0,0,0.05752161762244573
0,1,-0.026673637468262512
0,0,0.05829282349374393
4,1,-0.014018143393410898
2,1,-0.002072341733626859
2,1,-0.002374810012999551
0,0,0.06840157982300538
2,0,0.016818907985324316
4,1,-0.014018143393410898
2,1,-0.0050268720940295775
4,1,-0.014018143393410898
5,0,0.04936304942077341
3,1,-0.1307815880836694
2,0,0.016818907985324316
3,1,-0.11374505143540731
2,1,-0.00535547430723482
3,1,-0.0005587143391501681
4,1,-0.13428146108975964
3,1,-0.13239422977454246
2,0,0.0029669950027485514
5,0,0.042641487791846566
2,1,-0.006629330449382853
5,0,0.04293116641461381
2,0,0.03874085148527168
4,1,-0.22343441426549077
0,0,0.03232977752184274
2,1,-0.002072341733626859
2,0,0.03987623128823531
3,0,0.05192087620986757
0,0,0.0002558796211182268
4,1,-0.03748248825979045
2,1,-0.04608869736910909
4,1,-0.13428146108975964
2,0,0.016818907985324316
2,1,-0.002072341733626859
2,1,-0.00031157851857627206
6,1,-0.017410169092024697
5,0,0.03917736655658338
0,0,0.017201831883876195
4,1,-0.2146784225499086
4,1,-0.13428146108975964
5,0,0.04541196880962939
2,1,-0.04794512318460947
0,0,0.07244147770749193
3,0,0.05285368292670184
0,0,0.05505702107926558
0,0,0.04059703281503313
5,0,0.04746013431661722
2,1,-0.00031157851857627206
0,0,0.03598941412930856
3,1,-0.22330889309114493
2,1,-0.00031157851857627206
2,1,-0.005530926038156525
1,0,0.03959174562865836
5,0,0.023683470342882318
3,0,0.05285368292670184
5,0,0.023683470342882318
3,1,-0.22283912514478993
0,0,0.012120833960047872
4,1,-0.22427462061939113
3,1,-0.12902670623099882
5,0,0.04293116641461381
0,1,-0.03638048167454827
4,1,-0.24227778501741065
2,0,0.0029669950027485514
0,0,0.06075667970411802
6,1,-0.01259510706206457
5,0,0.04746013431661722
5,0,0.04512431948362228
2,0,0.0038350343731303194
3,1,-0.1316040824355293
2,0,0.016818907985324316
3,0,0.050226411693170436
2,0,0.016818907985324316
2,0,0.016818907985324316
3,1,-0.11431363282937651
5,0,0.04541196880962939
5,0,0.04293116641461381
4,1,-0.05051732821834082
3,1,-0.11334016031178168
6,1,-0.017410169092024697
3,1,-0.2408027260675622
5,0,0.03651848643837119
0,0,0.061554259323764626
3,1,-0.11471929618878579
3,1,-0.13102891875321215
2,1,-0.002072341733626859
4,1,-0.21426466771529834
0,0,0.06429798059207459
3,1,-0.1139677604712393
1,0,0.04055787411915418
5,0,0.04512431948362228
0,0,0.04878628281741698
0,1,-0.32447711945426744
3,1,-0.1316040824355293
5,0,0.04541196880962939
1,0,0.04055787411915418
5,0,0.04746013431661722
0,0,0.061554259323764626
0,0,0.05907273950103559
0,1,-0.09610796495031232
2,1,-0.0050268720940295775
3,1,-0.11368155819247655
6,0,0.04343098392166711
3,0,0.006153578139232785
3,1,-0.1083382287469638
4,1,-0.08790966359550634
2,0,0.016818907985324316
1,0,0.02462605356304337
1,0,0.02462605356304337
5,0,0.044646081908460755
5,0,0.03686800050104089
0,0,0.06956378659884094
3,1,-0.11431363282937651
3,1,-0.11374505143540731
2,0,0.010303954159841255
3,1,-0.22871366427497403
2,1,-0.006629330449382853
5,0,0.04541196880962939
4,0,0.013164126008803623
4,1,-0.2404207293423269
4,1,-0.07148205430379623
0,0,0.0653499273501632
3,0,0.03757874745753437
3,1,-0.11360989635960256
2,0,0.016818907985324316
2,0,0.01884727147770271
4,1,-0.23410458466335377
5,0,0.03318214156363447
3,1,-0.12894655088583323
0,0,0.04640960239534342
2,0,0.016818907985324316
4,1,-0.002635508130635955
5,0,0.04541196880962939
3,0,0.03247357857109395
4,1,-0.22782980012726656
0,0,0.03725173037831919
1,0,0.027494062537658903
5,0,0.04293116641461381
0,0,0.02774402220000638
3,1,-0.12196743751917322
4,1,-0.13428146108975964
4,1,-0.22301473725036985
0,0,0.03215898280517071
4,1,-0.03748248825979045
4,1,-0.22427462061939113
5,0,0.023683470342882318
4,1,-0.2577977274704342
0,1,-0.11773960378672105
5,0,0.04293116641461381
0,0,0.07161663987401745
2,1,-0.0050268720940295775
3,1,-0.13138633836347807
4,1,-0.12088213620083194
0,0,0.06185516754999815
4,1,-0.014018143393410898
0,0,0.017207214070541266
5,0,0.04293116641461381
2,1,-0.002072341733626859
5,0,0.04541196880962939
0,0,0.060320897333344003
4,1,-0.13428146108975964
0,0,0.05488000296904455
3,0,0.046960096593413436
4,0,0.031146086066879852
2,0,0.03987623128823531
2,0,0.0029669950027485514
5,0,0.04293116641461381
6,1,-0.016849696745195375
0,1,-0.0006947435238083277
3,0,0.0030854244503923933
3,1,-0.11334016031178168
4,1,-0.09045407893024954
3,1,-0.11374505143540731
0,0,0.043054225427840376
0,0,0.06753357953299904
2,1,-0.002374810012999551
5,0,0.044010526348501444
4,1,-0.22740715026003105
0,0,0.06471212611544724
2,0,0.04249053679485065
4,1,-0.2577977274704342
4,1,-0.21426466771529834
0,0,0.07171402385419728
2,1,-0.0050268720940295775
5,0,0.03347955160884042
2,1,-0.047545756196232525
2,1,-0.00031157851857627206
5,0,0.044010526348501444
3,1,-0.24166645065415054
5,0,0.04843632241914497
3,1,-0.1123836645399619
4,1,-0.08851761858942525
2,1,-0.04821026934933015
5,0,0.04541196880962939
0,0,0.0013846405425160802
0,1,-0.002318126199416959
0,0,0.06870678054756035
5,0,0.023683470342882318
5,0,0.04541196880962939
4,1,-0.014018143393410898
4,1,-0.24128436150017046
3,1,-0.11402723684454646
3,1,-0.0005587143391501681
4,1,-0.22427462061939113
0,0,0.06104582322592067
5,0,0.04293116641461381
5,0,0.03281678147597905
5,0,0.028472892837890784
4,1,-0.1467683109117897
3,0,0.016948479569986796
2,1,-0.04821026934933015
4,1,-0.014018143393410898
5,0,0.04151983711423857
6,1,-0.017410169092024697
2,0,0.0029669950027485514
4,1,-0.014018143393410898
0,0,0.03207528797297726
0,0,0.056941557722199276
3,1,-0.11374505143540731
3,1,-0.12948954150832998
0,0,0.059096246389248375
6,0,0.04249053679485065
2,1,-0.002072341733626859
4,1,-0.22427462061939113
4,1,-0.13428146108975964
3,1,-0.11082273572347495
2,1,-0.00535547430723482
2,1,-0.04821026934933015
0,1,-0.09270732456523151
0,0,0.06811139731608001
5,0,0.04293116641461381
1,0,0.02774402220000638
5,0,0.040080658899607324
3,1,-0.11308172908884112
0,1,-0.09077526752889237
1,1,-0.012036119888782837
0,0,0.028443074690599757
5,0,0.023683470342882318
4,1,-0.13428146108975964
5,0,0.04541196880962939
0,0,0.06489334854904177
3,1,-0.23646045099830243
2,1,-0.047545756196232525
0,0,0.06841517089001131
5,0,0.03945444012584798
4,1,-0.09045407893024954
2,1,-0.002072341733626859
2,0,0.016818907985324316
5,0,0.04541196880962939
3,1,-0.1282875790935411
0,0,0.03725173037831919
2,0,0.04249053679485065
2,1,-0.0050268720940295775
6,1,-0.01259510706206457
3,1,-0.12779610830845783
5,0,0.04541196880962939
4,1,-0.014018143393410898
2,0,0.0038350343731303194
2,0,0.016818907985324316
5,0,0.04342283995960711
4,1,-0.23197300071621535
4,1,-0.014018143393410898
3,1,-0.1158818426354929
2,0,0.016818907985324316
0,0,0.05200353625490123
4,1,-0.2577977274704342
0,0,0.05986209046031832
2,1,-0.0050268720940295775
5,0,0.038886933862782025
4,1,-0.13428146108975964
5,0,0.04512431948362228
3,0,0.03099051940043701
5,0,0.04293116641461381
6,1,-0.01259510706206457
5,0,0.04541196880962939
2,1,-0.00031157851857627206
4,1,-0.014018143393410898
0,1,-0.15046896611535804
2,1,-0.002072341733626859
4,1,-0.21389366383462688
1,0,0.029940676258497445
0,1,-0.09696564559715132
3,1,-0.11471929618878579
4,0,0.014380548593818876
5,0,0.03651848643837119
2,1,-0.0050268720940295775
2,0,0.016818907985324316
5,0,0.023683470342882318
6,1,-0.013189643843669996
2,1,-0.006959242253898046
0,0,0.03595674174899266
5,0,0.023683470342882318
5,0,0.04541196880962939
2,1,-0.002374810012999551
2,1,-0.0438007020562855
5,0,0.04293116641461381
3,1,-0.11322630819163165
0,0,0.06804348050178544
0,1,-0.0073542911500509844
4,1,-0.014018143393410898
3,1,-0.131246515552431
4,1,-0.13428146108975964
2,1,-0.00031157851857627206
4,1,-0.13428146108975964
2,1,-0.002072341733626859
0,0,0.05607628315293889
5,0,0.023683470342882318
4,1,-0.13428146108975964
0,0,0.062283583118228014
0,0,0.06398783988009588
5,0,0.04293116641461381
3,1,-0.13007624837842718
3,1,-0.11395552650985125
5,0,0.04541196880962939
2,0,0.03987623128823531
2,0,0.0038350343731303194
4,1,-0.09425730433089313
2,1,-0.002072341733626859
5,0,0.04293116641461381
5,0,0.04541196880962939
0,0,0.06743522916297295
2,0,0.016818907985324316
2,0,0.016818907985324316
5,0,0.04541196880962939
2,1,-0.00031157851857627206
0,1,-0.006403741506821936
3,1,-0.1314653138228376
3,1,-0.1282541604814848
0,1,-0.1918251215473597
4,1,-0.22952326209169444
1,0,0.04087781491868181
0,1,-0.03354466979136678
0,0,0.040970460093744165
2,1,-0.00031157851857627206
0,0,0.05115465946360992
2,0,0.02876099913850494
2,0,0.016818907985324316
2,1,-0.0050268720940295775
5,0,0.04293116641461381
4,1,-0.050151848119187825
5,0,0.0369316087998981
5,0,0.023683470342882318
5,0,0.03347955160884042
0,0,0.07289772999868571
4,0,0.013164126008803623
2,0,0.03874085148527168
4,1,-0.22952326209169444
3,1,-0.22456937413197492
3,1,-0.12942826575686744
3,1,-0.12913400393940339
3,1,-0.11261490778231081
4,1,-0.014018143393410898
0,0,0.06677278432912676
5,0,0.04717416039032579
5,0,0.04151983711423857
5,0,0.04541196880962939
3,1,-0.12870432769793666
0,0,0.04674458025989853
2,1,-0.04460958878915494
5,0,0.04541196880962939
6,1,-0.01259510706206457
4,1,-0.014018143393410898
0,0,0.06040847708423397
3,1,-0.11471929618878579
3,0,0.0015453535230969817
4,1,-0.014018143393410898
5,0,0.04541196880962939
4,1,-0.06110357039256653
4,1,-0.14317063726390494
2,1,-0.002072341733626859
6,1,-0.017410169092024697
5,0,0.03917736655658338
2,0,0.03987623128823531
6,1,-0.01259510706206457
0,1,-0.11569143562314926
5,0,0.04907863207934471
4,1,-0.22427462061939113
0,0,0.06555377548707936
2,0,0.0038350343731303194
0,0,0.06667299366447549
0,0,0.05837038395741201
0,1,-0.2276156348797828
3,1,-0.005998564203263779
2,0,0.04348060145294835
4,1,-0.014018143393410898
2,0,0.009766295382508394
3,1,-0.11339956364155007
3,1,-0.11374505143540731
4,1,-0.014018143393410898
4,1,-0.22301473725036985
2,0,0.016818907985324316
5,0,0.04293116641461381
4,1,-0.13428146108975964
2,0,0.016818907985324316
4,1,-0.11431243190562207
3,1,-0.12935499389962463
3,1,-0.11395552650985125
5,0,0.04541196880962939
2,1,-0.0050268720940295775
3,1,-0.22979791544961953
4,1,-0.1300084843089107
2,1,-0.05103727444790657
2,1,-0.002374810012999551
3,1,-0.11374505143540731
0,0,0.01918033265643937
0,0,0.06791467042250737
0,0,0.032937462318959
0,0,0.061554259323764626
2,1,-0.04821026934933015
5,0,0.04541196880962939
0,0,0.057819707509238705
2,0,0.016818907985324316
5,0,0.023683470342882318
2,1,-0.00031157851857627206
3,1,-0.1319745563666906
3,1,-0.22665076689329916
0,1,-0.028134868054174478
3,1,-0.131246515552431
3,1,-0.11060101179404874
3,1,-0.13203612846937945
6,1,-0.016849696745195375
2,0,0.0038350343731303194
5,0,0.04293116641461381
2,1,-0.002072341733626859
0,0,0.05497352652388987
3,0,0.04692056980336784
5,0,0.04541196880962939
3,0,0.010868978478907776
6,1,-0.01122668477318095
0,1,-0.24755297236896895
3,1,-0.10873915194086131
3,1,-0.11437314945720028
3,1,-0.11437314945720028
4,1,-0.13428146108975964
2,1,-0.04578896945654054
2,1,-0.002701244857896523
6,1,-0.017410169092024697
6,1,-0.0115030204043588
2,1,-0.00031157851857627206
3,1,-0.12913400393940339
5,0,0.029969061541169906
2,0,0.016818907985324316
2,1,-0.00535547430723482
0,0,0.06982643683800571
3,1,-0.11204731158795861
2,1,-0.002072341733626859
5,0,0.04541196880962939
5,0,0.04293116641461381
3,0,0.03247357857109395
2,0,0.016818907985324316
5,0,0.023683470342882318
5,0,0.04512431948362228
4,1,-0.21426466771529834
0,0,0.029727676687660964
5,0,0.04258143006418391
4,1,-0.13428146108975964
1,0,0.03959174562865836
2,0,0.0038350343731303194
0,0,0.03484432065017545
0,1,-0.14221390479898838
3,0,0.0007054726517037868
5,0,0.04293116641461381
1,0,0.03264948096330811
4,1,-0.014018143393410898
4,1,-0.2628850847653302
5,0,0.044010526348501444
4,1,-0.2577977274704342
6,1,-0.01259510706206457
5,0,0.04293116641461381
3,0,0.0051086873036269576
3,1,-0.11170297207315
4,1,-0.21426466771529834
3,1,-0.22283912514478993
3,1,-0.22288930097320941
6,1,-0.0115030204043588
5,0,0.04541196880962939
4,1,-0.22427462061939113
2,0,0.016818907985324316
2,0,0.04249053679485065
2,1,-0.002072341733626859
2,1,-0.00031157851857627206
0,0,0.061090733776668904
3,1,-0.13132065230872786
5,0,0.04541196880962939
2,1,-0.0050268720940295775
1,0,0.02462605356304337
3,1,-0.11374505143540731
0,0,0.0650443804304765
0,0,0.05861001601738569
3,1,-0.10868029095217274
2,1,-0.050019260932326004
5,0,0.04151983711423857
5,0,0.04293116641461381
4,1,-0.006937346684100454
2,0,0.016818907985324316
0,0,0.0713685761794689
4,1,-0.014018143393410898
2,1,-0.00031157851857627206
3,1,-0.1139677604712393
4,0,0.013164126008803623
3,1,-0.2211637283064471
0,0,0.05974346575684347
5,0,0.04746013431661722
0,1,-0.0037791507015928483
3,1,-0.12972011488658747
0,0,0.033828934669979605
0,1,-0.17250634866940234
3,1,-0.22288930097320941
3,1,-0.12949014104242357
1,0,0.04055787411915418
5,0,0.04293116641461381
0,0,0.033052308986957546
2,1,-0.0050268720940295775
3,1,-0.22367852542448924
5,0,0.044010526348501444
4,1,-0.2354711159145853
0,1,-0.19956128747486762
0,0,0.06605148919441323
5,0,0.03945444012584798
6,1,-0.01259510706206457
0,0,0.059856395028434706
3,1,-0.1197127064969486
0,0,0.05829282349374393
5,0,0.04541196880962939
1,0,0.02462605356304337
0,0,0.061554259323764626
1,0,0.02462605356304337
4,1,-0.13428146108975964
3,0,0.04786689078036982
0,1,-0.032587479883436354
5,1,-0.010490878350939703
3,1,-0.11437314945720028
2,1,-0.04460958878915494
2,1,-0.002072341733626859
5,0,0.04541196880962939
5,0,0.04293116641461381
4,0,0.003515278660638499
2,1,-0.002072341733626859
3,1,-0.11368155819247655
4,1,-0.014018143393410898
2,1,-0.002072341733626859
5,0,0.04541196880962939
0,0,0.040308393614609694
5,0,0.041306016505525345
4,1,-0.2628850847653302
5,0,0.04541196880962939
3,1,-0.11374505143540731
3,1,-0.1115814368551678
0,0,0.04121209904757428
0,1,-0.03493737262146879
0,0,0.05983294224287716
3,1,-0.22283912514478993
6,1,-0.017410169092024697
4,1,-0.014018143393410898
2,0,0.03987623128823531
3,0,0.0042559702802686394
3,1,-0.1128218282502002
0,0,0.03956860157044384
0,0,0.06087790508477425
5,0,0.04541196880962939
5,0,0.04541196880962939
0,0,0.017571904741488675
0,0,0.06850772349273787
2,0,0.016818907985324316
3,1,-0.13239422977454246
5,0,0.04293116641461381
5,0,0.023683470342882318
5,0,0.028472892837890784
4,1,-0.22427462061939113
2,0,0.03561777752893208
5,0,0.029969061541169906
0,0,0.06548391614557442
5,0,0.04293116641461381
0,0,0.06488103985148047
5,0,0.04541196880962939
0,1,-0.21546828491871656
4,1,-0.13428146108975964
5,0,0.04512431948362228
2,1,-0.002072341733626859
3,1,-0.23516691337182877
0,0,0.015497059293670512
3,1,-0.1309674638614567
0,0,0.06643505139282568
2,0,0.03726891225902379
2,0,0.0029669950027485514
2,0,0.0038350343731303194
0,0,0.0668456623422668
0,0,0.025703217845277626
4,1,-0.13428146108975964
2,0,0.016818907985324316
4,0,0.0015950698248827222
4,1,-0.22952326209169444
0,0,0.061554259323764626
3,1,-0.11374505143540731
0,0,0.05309828423958807
4,1,-0.014018143393410898
6,1,-0.010592855755077346
2,1,-0.002072341733626859
5,0,0.04541196880962939
0,0,0.07091765876237743
2,1,-0.002072341733626859
0,0,0.060955438126992445
3,1,-0.11295986450911549
4,1,-0.21426466771529834
5,0,0.04293116641461381
4,1,-0.13428146108975964
4,1,-0.2577977274704342
3,0,0.002080193122211138
2,0,0.016818907985324316
3,1,-0.11227018436956931
4,1,-0.2577977274704342
5,0,0.04293116641461381
0,0,0.0687168677103921
5,0,0.04541196880962939
4,1,-0.21389366383462688
5,0,0.04512431948362228
5,0,0.04541196880962939
4,1,-0.2577977274704342
0,0,0.05829282349374393
0,1,-0.08884230474916893
0,0,0.058957388370645125
2,1,-0.002072341733626859
4,1,-0.12364655173464817
3,1,-0.12930216140558887
4,1,-0.014018143393410898
4,1,-0.1300084843089107
4,1,-0.050151848119187825
4,1,-0.2125199406875387
6,1,-0.017410169092024697
0,0,0.06650844107770565
1,0,0.02462605356304337
2,0,0.016818907985324316
2,0,0.016721741989954242
4,1,-0.2628850847653302
5,0,0.04541196880962939
5,0,0.023683470342882318
0,0,0.061554259323764626
3,1,-0.22930572542711153
6,1,-0.01259510706206457
4,1,-0.18178797180962797
3,1,-0.1309674638614567
4,1,-0.2577977274704342
0,0,0.047798708252202116
4,1,-0.11431243190562207
0,0,0.0717241299957928
1,0,0.03264948096330811
4,0,0.008773285605156667
0,1,-0.10035400854649118
5,0,0.04541196880962939
5,1,-0.019959245153062077
4,1,-0.13428146108975964
2,0,0.016818907985324316
1,0,0.02462605356304337
4,1,-0.22469515034279092
0,0,0.06075667970411802
0,0,0.06170132438454912
2,0,0.0038350343731303194
5,0,0.04541196880962939
4,1,-0.2577977274704342
5,0,0.04541196880962939
2,1,-0.002072341733626859
5,0,0.04746013431661722
3,1,-0.11593418665259819
5,0,0.03651848643837119
0,1,-0.14936100234540867
5,0,0.04293116641461381
5,0,0.023683470342882318
6,1,-0.017410169092024697
2,0,0.016818907985324316
5,0,0.028201423225125477
0,0,0.07300091957150862
0,0,0.0600724786780546
4,1,-0.2329583668670519
1,0,0.03451965255508482
2,1,-0.002072341733626859
4,1,-0.09045407893024954
5,0,0.04293116641461381
2,1,-0.00535547430723482
4,1,-0.041648431591022606
5,0,0.04293116641461381
5,0,0.04541196880962939
6,1,-0.017410169092024697
3,0,0.041013838348498144
5,0,0.04293116641461381
3,1,-0.13122142027222478
2,1,-0.005530926038156525
2,0,0.03987623128823531
4,1,-0.21426466771529834
5,0,0.03347955160884042
2,0,0.03874085148527168
4,1,-0.014018143393410898
2,0,0.0038350343731303194
4,0,0.008773285605156667
5,0,0.042641487791846566
2,0,0.016721741989954242
5,0,0.04293116641461381
0,0,0.07213279041549875
3,1,-0.11334016031178168
4,1,-0.13428146108975964
1,0,0.04087781491868181
5,0,0.04541196880962939
5,0,0.04541196880962939
5,0,0.02701421791065378
2,0,0.01884727147770271
2,0,0.0029669950027485514
3,0,0.03247357857109395
3,1,-0.20836786092342158
3,1,-0.22721547279196413
5,0,0.04293116641461381
4,1,-0.13428146108975964
2,0,0.016818907985324316
0,1,-0.0640205288416606
0,1,-0.005710144585018673
2,0,0.016818907985324316
0,0,0.0018502037522870607
2,0,0.03874085148527168
2,1,-0.00031157851857627206
4,1,-0.22427462061939113
5,0,0.04541196880962939
2,1,-0.002072341733626859
4,1,-0.13428146108975964
3,1,-0.1119326031937577
0,0,0.04096841207562074
2,0,0.037805858268215975
3,1,-0.22479006826827058
4,1,-0.014018143393410898
5,0,0.03945444012584798
4,1,-0.23197300071621535
5,0,0.04293116641461381
0,0,0.05915620378363823
3,1,-0.13365107787109526
2,0,0.016818907985324316
5,0,0.02224355675375983
3,1,-0.13138633836347807
5,0,0.04293116641461381
5,0,0.04541196880962939
5,0,0.04293116641461381
3,1,-0.11374505143540731
5,0,0.03318214156363447
2,1,-0.002072341733626859
3,0,0.0007054726517037868
3,1,-0.24166645065415054
0,0,0.06342887087231919
4,1,-0.050151848119187825
3,1,-0.11368155819247655
5,0,0.04258143006418391
2,1,-0.00031157851857627206
4,1,-0.13428146108975964
1,0,0.03883041486961247
5,0,0.04541196880962939
4,1,-0.13428146108975964
5,0,0.04293116641461381
3,1,-0.11374505143540731
5,0,0.04541196880962939
2,1,-0.00535547430723482
4,1,-0.2435768074379317
4,1,-0.21389366383462688
5,0,0.04541196880962939
0,0,0.06845457502064017
2,0,0.016818907985324316
3,1,-0.22032772868002387
4,1,-0.014018143393410898
4,1,-0.2577977274704342
3,1,-0.12948954150832998
3,1,-0.22367852542448924
3,1,-0.22575693537672065
5,0,0.04541196880962939
4,1,-0.014018143393410898
5,0,0.026021219873317514
3,1,-0.24253134480033905
0,0,0.03351107703745082
4,1,-0.21426466771529834
4,1,-0.26377871082167986
3,1,-0.11374505143540731
4,1,-0.14857909716522283
3,0,0.004415966525203596
5,0,0.04541196880962939
4,1,-0.2577977274704342
1,0,0.02462605356304337
4,1,-0.13428146108975964
2,0,0.03874085148527168
0,0,0.06465467715822854
4,1,-0.03748248825979045
4,1,-0.2296873635332501
5,0,0.04541196880962939
2,1,-0.04824631041490535
4,1,-0.08487157760677516
1,0,0.04087781491868181
4,1,-0.22427462061939113
4,1,-0.05051732821834082
3,1,-0.13102891875321215
3,1,-0.11374505143540731
4,1,-0.014018143393410898
4,1,-0.13428146108975964
6,1,-0.01259510706206457
3,1,-0.22857746869491508
5,1,-0.13040662177705659
4,1,-0.2577977274704342
0,0,0.03365336614707459
0,1,-0.05092619985742386
2,1,-0.002374810012999551
5,0,0.04293116641461381
4,1,-0.13428146108975964
4,1,-0.13428146108975964
2,1,-0.002072341733626859
2,0,0.03987623128823531
2,1,-0.005530926038156525
4,1,-0.014018143393410898
1,0,0.02462605356304337
2,0,0.016818907985324316
5,0,0.04293116641461381
2,0,0.0029669950027485514
3,0,0.041013838348498144
5,0,0.04541196880962939
0,0,0.05804179525734848
0,0,0.05187028452236042
4,1,-0.26377871082167986
0,0,0.05328071640164089
3,1,-0.11593418665259819
4,1,-0.21426466771529834
0,0,0.0703951503323475
1,0,0.04087781491868181
4,0,0.013164126008803623
4,0,0.013164126008803623
4,0,0.008364240274385482
2,1,-0.047545756196232525
2,0,0.016818907985324316
4,1,-0.2628850847653302
2,0,0.016818907985324316
5,0,0.037751077090159846
3,1,-0.22158215253048458
2,0,0.03987623128823531
3,1,-0.1305070458068472
2,0,0.016818907985324316
2,1,-0.05045765069330982
4,1,-0.21426466771529834
2,0,0.016818907985324316
2,0,0.03874085148527168
3,1,-0.13279625863557915
5,0,0.04541196880962939
4,1,-0.014018143393410898
2,0,0.001028361370989217
5,0,0.04293116641461381
5,0,0.04541196880962939
5,0,0.04293116641461381
4,1,-0.014018143393410898
4,0,0.016190212005632754
0,0,0.013809187106458454
0,0,0.07088703100061611
4,1,-0.22301473725036985
0,1,-0.06269359325396096
5,0,0.04746013431661722
0,0,0.05265631980292362
5,0,0.04541196880962939
5,1,-0.00039978262287931887
5,0,0.04541196880962939
5,0,0.04541196880962939
4,1,-0.13428146108975964
2,1,-0.002374810012999551
5,0,0.022195432443175345
0,1,-0.14070624862318387
4,1,-0.22268211081150197
0,0,9.794606435670206e-05
6,1,-0.010592855755077346
2,1,-0.002072341733626859
5,0,0.04746013431661722
1,1,-0.036527301815457214
3,0,0.0012776622022273032
0,1,-0.0746179157094764
2,0,0.03987623128823531
3,1,-0.11374505143540731
1,0,0.010978675744849009
4,1,-0.16781837761190238
4,1,-0.01212118387267469
2,0,0.016818907985324316
0,0,0.036481815218969316
2,0,0.03987623128823531
3,1,-0.10908148549700253
2,1,-0.04460958878915494
3,1,-0.10939114033722391
4,1,-0.014018143393410898
2,1,-0.047051411843190116
3,1,-0.240751100412759
4,1,-0.1300084843089107
0,0,0.06916068864312847
3,1,-0.12930216140558887
3,0,0.0015453535230969817
3,1,-0.22158215253048458
0,1,-0.05607605040428726
3,1,-0.13167826936871357
0,1,-0.019866331031755557
4,1,-0.22782980012726656
2,1,-0.0050268720940295775
1,0,0.02462605356304337
1,0,0.021243511214875443
0,0,0.06372131128671149
0,0,0.07047147924968677
4,0,0.031146086066879852
5,0,0.042641487791846566
0,0,0.07021423277256045
2,0,0.016818907985324316
6,1,-0.01259510706206457
0,0,0.05027068127445583
0,1,-0.31751090346552807
2,1,-0.006629330449382853
3,1,-0.11295986450911549
3,1,-0.13102891875321215
0,1,-0.08538448247165353
4,1,-0.13428146108975964
4,1,-0.22301473725036985
4,1,-0.13428146108975964
5,0,0.03945444012584798
0,0,0.04121209904757428
0,0,0.06694466126841175
3,1,-0.11330505470789393
6,1,-0.016569744849469714
2,1,-0.002072341733626859
2,1,-0.002072341733626859
0,0,0.055527325110105163
1,0,0.04094269013687257
0,1,-0.023131854582175926
4,1,-0.014018143393410898
3,1,-0.22749532847356618
4,1,-0.22301473725036985
2,1,-0.002072341733626859
3,1,-0.13138633836347807
5,0,0.04541196880962939
5,0,0.03917736655658338
0,0,0.058991922051101764
0,1,-0.0749682460318154
4,1,-0.21426466771529834
5,0,0.04258143006418391
3,0,0.033330978882952
2,1,-0.002374810012999551
3,1,-0.2249901033490474
2,1,-0.04941469269632831
4,1,-0.050151848119187825
3,1,-0.11395552650985125
4,1,-0.24128436150017046
0,0,0.06185844072297708
3,1,-0.22409865170157
5,0,0.03917736655658338
3,1,-0.11261490778231081
0,0,0.07223230823391924
5,0,0.04293116641461381
3,1,-0.11360989635960256
4,1,-0.2329583668670519
4,1,-0.22301473725036985
4,1,-0.23963783100612307
5,0,0.04512431948362228
2,1,-0.00964852888527129
3,1,-0.11204731158795861
0,0,0.039734831444735
2,0,0.016818907985324316
3,1,-0.12744111697715238
3,1,-0.11383556176784054
3,1,-0.11334016031178168
3,0,0.03232033814462032
4,1,-0.22268211081150197
0,0,0.057531820544337586
0,0,0.03547213342812855
6,1,-0.01122668477318095
4,0,0.013164126008803623
5,0,0.04541196880962939
2,1,-0.00535547430723482
3,1,-0.11471929618878579
4,1,-0.2146784225499086
3,1,-0.22200085995041846
3,1,-0.11082273572347495
3,1,-0.24791411511588285
3,1,-0.11170297207315
0,0,0.058174311378129506
1,1,-0.19551159173286353
0,0,0.03291132241108097
5,0,0.03347955160884042
0,1,-0.02473714712378272
4,0,0.011231257762621127
5,0,0.04293116641461381
2,1,-0.002072341733626859
4,1,-0.21426466771529834
2,0,0.016818907985324316
2,0,0.0038350343731303194
1,0,0.04087781491868181
5,0,0.029969061541169906
4,1,-0.21426466771529834
2,0,0.016818907985324316
2,0,0.01884727147770271
5,0,0.051789855527090756
4,1,-0.21426466771529834
4,1,-0.13428146108975964
0,1,-0.05530103707703654
2,0,0.0038350343731303194
4,1,-0.014018143393410898
2,0,0.0038350343731303194
0,0,0.07195979687800563
0,0,0.05060138370358508
5,0,0.04843632241914497
5,0,0.023683470342882318
1,0,0.022692096038720577
3,0,0.00024754020223993756
3,0,0.033330978882952
2,0,0.0029669950027485514
4,1,-0.21426466771529834
4,1,-0.2404207293423269
1,0,0.02462605356304337
1,0,0.026026190348672595
0,0,0.0663344764565138
5,0,0.04293116641461381
5,0,0.012289975813151666
4,1,-0.2577977274704342
3,0,0.03134144444607351
1,0,0.006843690604161068
5,0,0.03663729668963017
5,0,0.04541196880962939
6,1,-0.01122668477318095
4,1,-0.22952326209169444
5,0,0.023683470342882318
5,0,0.041306016505525345
1,0,0.04017379120231046
3,1,-0.11552756030941475
3,1,-0.11333611334274923
3,1,-0.2262289144740131
5,0,0.04151983711423857
4,1,-0.23410458466335377
2,0,0.0038350343731303194
4,1,-0.13428146108975964
2,1,-0.002072341733626859
3,1,-0.11295986450911549
5,0,0.04512431948362228
6,1,-0.01259510706206457
2,1,-0.00535547430723482
4,0,0.014380548593818876
0,0,0.059096246389248375
5,0,0.023683470342882318
4,1,-0.2577977274704342
4,1,-0.22301473725036985
0,0,0.03336724586768686
4,1,-0.2628850847653302
4,1,-0.09093671677924758
5,0,0.023683470342882318
5,0,0.04541196880962939
5,0,0.04512431948362228
4,1,-0.22427462061939113
0,1,-0.08571810519421197
0,0,0.05134869976515655
2,1,-0.00031157851857627206
4,1,-0.13428146108975964
0,1,-0.16002040160006276
4,1,-0.2577977274704342
2,1,-0.002072341733626859
0,0,0.07078277745808415
5,0,0.04541196880962939
0,1,-0.09253827619193611
3,0,0.05083756149662472
0,0,0.06513651214928484
0,0,0.06978937400061547
3,1,-0.11227018436956931
4,1,-0.0514339087023542
3,0,0.031105538952128253
5,0,0.04293116641461381
4,1,-0.13428146108975964
0,0,0.03394840633800278
5,0,0.04541196880962939
0,0,0.06733846869706445
1,0,0.04017379120231046
5,0,0.04293116641461381
5,0,0.04541196880962939
6,1,-0.017410169092024697
5,0,0.04541196880962939
4,1,-0.0514339087023542
5,0,0.04541196880962939
2,0,0.01884727147770271
2,0,0.016818907985324316
3,1,-0.12632900143299958
6,1,-0.016849696745195375
3,1,-0.22702239039956257
0,0,0.004452060911303735
0,0,0.06537086402937275
1,0,0.04087781491868181
4,1,-0.22773431264361327
2,0,0.016818907985324316
4,1,-0.22740715026003105
0,1,-0.04587745899083229
3,0,0.048891832461926577
5,0,0.044010526348501444
5,0,0.04936304942077341
5,0,0.04293116641461381
4,1,-0.050151848119187825
3,1,-0.10873915194086131
4,0,0.031146086066879852
5,0,0.04293116641461381
0,0,0.02734292635479546
6,1,-0.01259510706206457
5,0,0.04139606747511709
2,0,0.04249053679485065
5,0,0.03917736655658338
3,1,-0.1316040824355293
2,0,0.016818907985324316
2,1,-0.00031157851857627206
5,0,0.04293116641461381
3,1,-0.1319745563666906
2,1,-0.0050268720940295775
2,0,0.0029669950027485514
0,0,0.025669562166526605
4,0,0.010139873692063872
3,1,-0.08708366305545445
6,1,-0.010592855755077346
0,0,0.06934437042054925
5,0,0.04541196880962939
4,1,-0.22301473725036985
2,0,0.01884727147770271
3,1,-0.11293154636418817
0,0,0.029345996304798394
3,1,-0.13054473796348048
0,0,0.07322346520129419
0,0,0.054367842064112715
6,1,-0.017410169092024697
5,0,0.04151983711423857
3,1,-0.22367852542448924
3,1,-0.24247957923945812
4,1,-0.014018143393410898
0,1,-0.03892137251734906
0,0,0.06080173557563123
4,0,0.013164126008803623
0,0,0.061554259323764626
0,0,0.046241363939932945
4,1,-0.13428146108975964
5,0,0.02701421791065378
3,1,-0.11374505143540731
0,0,0.0611471026933057
3,1,-0.13086411220554378
4,1,-0.2125199406875387
5,0,0.04541196880962939
2,0,0.016818907985324316
5,0,0.04746013431661722
2,0,0.0038350343731303194
2,0,0.016818907985324316
4,1,-0.22427462061939113
3,1,-0.11322630819163165
2,1,-0.002072341733626859
4,1,-0.23410458466335377
5,0,0.04541196880962939
4,1,-0.014018143393410898
0,1,-0.23501158944339323
3,0,0.033330978882952
5,0,0.04293116641461381
1,1,-0.20913840899063169
5,0,0.04541196880962939
5,0,0.04541196880962939
4,1,-0.26826502463957697
4,1,-0.050151848119187825
3,1,-0.12978460202077352
0,0,0.06852051150307531
4,1,-0.043146613613125384
5,0,0.04541196880962939
3,1,-0.13512711986237919
2,1,-0.002072341733626859
5,0,0.03917736655658338
2,1,-0.002072341733626859
2,0,0.016818907985324316
4,1,-0.22301473725036985
2,0,0.03987623128823531
2,0,0.01884727147770271
5,0,0.04541196880962939
3,1,-0.11402723684454646
2,0,0.016818907985324316
4,1,-0.24128436150017046
5,0,0.04541196880962939
2,1,-0.002072341733626859
5,0,0.04541196880962939
4,1,-0.22427462061939113
3,0,0.008803302349556119
0,0,0.054575568248217854
5,0,0.04541196880962939
4,1,-0.24006875878462036
2,1,-0.002072341733626859
6,1,-0.017410169092024697
3,1,-0.24166645065415054
3,0,0.0015453535230969817
3,1,-0.1316040824355293
2,1,-0.002374810012999551
0,1,-0.08341613155283262
6,0,0.005472169112469005
6,1,-0.016569744849469714
3,0,0.0007054726517037868
6,1,-0.017410169092024697
5,0,0.04541196880962939
2,1,-0.00031157851857627206
3,1,-0.12942826575686744
4,1,-0.2628850847653302
0,1,-0.0252208511484156
3,1,-0.11334016031178168
2,0,0.03874085148527168
5,0,0.03686800050104089
3,0,0.03247357857109395
4,1,-0.13428146108975964
4,1,-0.13428146108975964
2,1,-0.00031157851857627206
3,0,0.0012776622022273032
0,1,-0.11459258843115033
4,1,-0.22740715026003105
2,0,0.016818907985324316
5,0,0.03686800050104089
5,0,0.04541196880962939
2,0,0.03874085148527168
0,0,0.0415853791094879
3,1,-0.11227018436956931
0,1,-0.05663932246936726
2,0,0.04249053679485065
4,1,-0.13428146108975964
5,0,0.04541196880962939
3,0,0.05200683429449604
2,1,-0.00535547430723482
3,1,-0.11374505143540731
2,1,-0.00031157851857627206
0,1,-0.25163020621744864
5,0,0.04512431948362228
2,0,0.016818907985324316
3,1,-0.11596526137492286
0,1,-0.003930738850106252
4,1,-0.01212118387267469
3,0,0.03872401034955192
3,0,0.03360640938477405
3,1,-0.11295986450911549
3,1,-0.23197303979450662
4,1,-0.13428146108975964
3,0,0.015204091730510683
0,1,-0.2582401610373804
5,0,0.04541196880962939
0,0,0.0403734824239691
5,0,0.023683470342882318
3,1,-0.22409865170157
6,1,-0.017410169092024697
4,1,-0.2577977274704342
4,1,-0.050151848119187825
0,0,0.06929194122647031
3,1,-0.22330889309114493
5,0,0.044010526348501444
5,0,0.042641487791846566
5,0,0.04541196880962939
5,0,0.03663729668963017
3,1,-0.11368155819247655
4,1,-0.1300084843089107
4,1,-0.014018143393410898
3,1,-0.11344301092507764
5,0,0.04293116641461381
3,1,-0.11330505470789393
5,0,0.04293116641461381
0,0,0.04119142624139299
2,0,0.016818907985324316
3,1,-0.11082273572347495
0,1,-0.09730973980516311
5,0,0.04293116641461381
5,0,0.04293116641461381
6,1,-0.01122668477318095
4,0,0.031146086066879852
4,1,-0.13428146108975964
3,0,0.04692056980336784
6,1,-0.014666279920762637
2,0,0.016818907985324316
5,0,0.04541196880962939
3,1,-0.11374505143540731
3,1,-0.13334932981554654
4,1,-0.2146784225499086
0,1,-0.0014748462686477448
5,0,0.03663729668963017
0,0,0.05005141464024304
0,0,0.03956860157044384
3,1,-0.11374505143540731
4,1,-0.1964323220914475
5,0,0.04541196880962939
4,1,-0.22952326209169444
0,1,-0.04808084414083663
2,0,0.016818907985324316
2,1,-0.05112651598510659
3,1,-0.11437314945720028
5,0,0.04293116641461381
4,1,-0.13428146108975964
2,1,-0.047545756196232525
0,1,-0.05462560933345356
0,0,0.06661527537342471
3,0,0.013139642197614543
6,1,-0.016849696745195375
0,0,0.07259101820018282
3,1,-0.13157897017045467
2,0,0.0029669950027485514
0,0,0.07091765876237743
0,1,-0.0019303677139791975
3,0,0.02055850479647847
5,0,0.03917736655658338
4,1,-0.014018143393410898
5,0,0.04293116641461381
0,0,0.049391378560737
3,1,-0.22409865170157
4,1,-0.23632762102874555
0,0,0.058955653964546884
4,1,-0.19979147823226479
4,1,-0.18550405327005387
4,1,-0.2146784225499086
2,1,-0.002701244857896523
3,0,0.02055850479647847
6,1,-0.01259510706206457
5,0,0.04541196880962939
1,0,0.03959174562865836
4,1,-0.22952326209169444
2,1,-0.00031157851857627206
5,0,0.041306016505525345
0,1,-0.09874436777430096
3,1,-0.10873915194086131
4,1,-0.23410458466335377
3,1,-0.13157897017045467
5,0,0.023683470342882318
4,1,-0.1371226984100416
4,1,-0.13428146108975964
6,1,-0.017410169092024697
4,1,-0.13428146108975964
0,0,0.06840157982300538
4,1,-0.19244015101326267
2,1,-0.00031157851857627206
0,0,0.06733602065438682
2,1,-0.002072341733626859
3,1,-0.11431363282937651
4,1,-0.21426466771529834
2,1,-0.002072341733626859
5,0,0.03543250742734899
4,0,0.031146086066879852
1,0,0.04055787411915418
3,1,-0.114739519032457
3,1,-0.2211637283064471
3,1,-0.13138633836347807
3,1,-0.11204731158795861
0,0,0.07375312525279126
4,1,-0.13428146108975964
5,0,0.04512431948362228
5,0,0.04541196880962939
0,0,0.056757387211013144
5,0,0.04541196880962939
5,0,0.007566990267838913
5,0,0.04293116641461381
5,0,0.04293116641461381
2,1,-0.002072341733626859
2,0,0.0038350343731303194
2,1,-0.003663025283061283
3,0,0.033330978882952
3,1,-0.0008278297252387046
2,0,0.0029669950027485514
0,0,0.05035402056951299
0,1,-0.08703821733503231
0,0,0.032737149573206115
1,0,0.03161774493069969
0,0,0.06850772349273787
6,1,-0.017410169092024697
3,1,-0.131159942978697
2,0,0.016818907985324316
3,1,-0.2368892282775515
5,0,0.04541196880962939
5,0,0.03347955160884042
3,1,-0.2256825121952643
2,0,0.016818907985324316
5,0,0.044010526348501444
2,1,-0.0050268720940295775
0,1,-0.18726272608121713
0,0,0.06819605538219925
2,1,-0.007135393219495856
4,1,-0.014018143393410898
5,0,0.04293116641461381
3,0,0.004068123792828282
2,1,-0.0050268720940295775
1,0,0.03959174562865836
2,1,-0.006629330449382853
0,0,0.026699525480019304
2,0,0.016818907985324316
5,0,0.023683470342882318
2,0,0.001028361370989217
2,1,-0.002072341733626859
4,1,-0.01212118387267469
3,1,-0.0014782772621525497
2,1,-0.0050268720940295775
5,0,0.04342283995960711
2,0,0.03874085148527168
4,1,-0.13428146108975964
5,0,0.04541196880962939
2,0,0.0038350343731303194
4,1,-0.11431243190562207
4,1,-0.2577977274704342
5,0,0.026021219873317514
4,1,-0.13428146108975964
0,1,-0.14615767380719907
6,1,-0.017410169092024697
0,0,0.04336093557048265
5,0,0.03347955160884042
0,1,-0.12311559666713817
0,1,-0.019818114121853525
2,1,-0.00535547430723482
3,0,0.002080193122211138
4,1,-0.21426466771529834
5,0,0.04293116641461381
2,1,-0.0050268720940295775
0,0,0.07223230823391924
2,0,0.038776813452209624
0,1,-0.15645544483980217
6,1,-0.017410169092024697
2,0,0.016818907985324316
1,0,0.04055787411915418
0,0,0.0670525789955565
2,0,0.039225393193118685
5,0,0.03917736655658338
0,0,0.061554259323764626
2,0,0.037805858268215975
0,1,-0.0400596313651333
5,0,0.04541196880962939
0,0,0.06915569261527704
0,1,-0.11923113678957492
5,0,0.04541196880962939
2,1,-0.03360945857106529
2,0,0.0038350343731303194
5,0,0.04512431948362228
6,1,-0.01259510706206457
0,0,0.06764160578730455
5,0,0.03347955160884042
3,1,-0.12949014104242357
3,1,-0.11374505143540731
4,1,-0.23197300071621535
0,0,0.01135643287365562
4,1,-0.13428146108975964
0,1,-0.05177378142482919
5,0,0.03234587893882512
5,0,0.04541196880962939
4,1,-0.050151848119187825
2,0,0.016721741989954242
4,1,-0.13428146108975964
6,1,-0.01259510706206457
4,1,-0.1986155498396019
5,0,0.03347955160884042
0,1,-0.03633070882132605
6,1,-0.016849696745195375
3,1,-0.12913400393940339
2,0,0.016818907985324316
0,0,0.06518474633363225
4,1,-0.21426466771529834
4,1,-0.22301473725036985
5,0,0.034983263393514596
5,0,0.029969061541169906
6,1,-0.016849696745195375
4,1,-0.014018143393410898
3,1,-0.11047922445971475
3,1,-0.0005587143391501681
5,0,0.04541196880962939
2,0,0.0038350343731303194
5,0,0.04541196880962939
5,0,0.04541196880962939
5,0,0.04293116641461381
0,0,0.06648287729848207
3,1,-0.11261490778231081
4,1,-0.2577977274704342
0,1,-0.07520674520307591
0,1,-0.03025554943645109
3,0,0.033330978882952
6,1,-0.016569744849469714
5,0,0.04541196880962939
0,1,-0.07063923742494188
2,1,-0.0050268720940295775
0,0,0.033475148429647106
3,0,0.00024754020223993756
5,0,0.04512431948362228
3,1,-0.11082273572347495
3,1,-0.13182302879194224
3,1,-0.13090182987280358
3,1,-0.131246515552431
0,0,0.0667549102603931
2,0,0.0038350343731303194
5,0,0.044010526348501444
3,1,-0.10908148549700253
3,1,-0.11261490778231081
3,1,-0.1139677604712393
3,1,-0.23417229731342565
4,1,-0.11431243190562207
3,1,-0.11295986450911549
4,1,-0.014018143393410898
0,0,0.005772605063314562
5,0,0.04293116641461381
2,1,-0.00031157851857627206
3,1,-0.11374505143540731
4,1,-0.2146784225499086
0,0,0.03766329285122072
0,0,0.03574826822551874
5,0,0.042641487791846566
4,1,-0.22301473725036985
5,0,0.04541196880962939
0,0,0.03925097956140744
3,0,0.03099051940043701
4,1,-0.014018143393410898
0,0,0.07169073110376328
3,1,-0.13102891875321215
3,1,-0.22456937413197492
3,1,-0.11471929618878579
0,1,-0.05539944290784449
2,0,0.03726891225902379
0,0,0.05312928251205279
2,1,-0.006084021753416546
4,1,-0.23197300071621535
4,1,-0.014018143393410898
0,1,-0.21948941771972824
0,1,-0.03831007734784375
3,1,-0.11471929618878579
0,0,0.0715915873593227
4,1,-0.13428146108975964
4,1,-0.2353183479395346
2,1,-0.002701244857896523
4,1,-0.014018143393410898
0,0,0.06075667970411802
4,1,-0.13428146108975964
0,0,0.033121092088878645
3,1,-0.11437314945720028
4,1,-0.2404207293423269
4,1,-0.12364655173464817
2,0,0.016818907985324316
6,1,-0.0115030204043588
2,0,0.01884727147770271
4,1,-0.13428146108975964
3,1,-0.005998564203263779
5,0,0.04293116641461381
3,0,0.03677317375735539
1,0,0.02462605356304337
4,1,-0.13428146108975964
2,0,0.037805858268215975
4,1,-0.2431435069644799
4,1,-0.13428146108975964
5,0,0.03663729668963017
3,0,0.03891612354590657
1,0,0.022692096038720577
4,1,-0.08914206025003663
4,1,-0.2404207293423269
4,1,-0.08749228773979961
3,1,-0.10977048164382391
5,0,0.04541196880962939
5,0,0.04541196880962939
3,1,-0.11423265942991861
2,0,0.016818907985324316
4,1,-0.13428146108975964
6,1,-0.01259510706206457
6,1,-0.01122668477318095
3,0,0.009328327332899511
2,0,0.016818907985324316
4,1,-0.13428146108975964
0,1,-0.030691409119562862
2,1,-0.00031157851857627206
3,0,0.0010521599009920557
2,1,-0.04794512318460947
4,1,-0.050151848119187825
4,1,-0.2577977274704342
2,1,-0.05045765069330982
4,1,-0.11326833235080452
5,0,0.04293116641461381
5,0,0.0388846173249256
5,0,0.04293116641461381
5,0,0.04293116641461381
4,1,-0.23197300071621535
1,0,0.02462605356304337
2,1,-0.002072341733626859
1,0,0.03925063511992671
2,0,0.016721741989954242
3,1,-0.11204731158795861
4,1,-0.22301473725036985
4,1,-0.014018143393410898
5,0,0.04512431948362228
4,1,-0.23410458466335377
3,1,-0.11299494636906543
4,1,-0.13428146108975964
4,1,-0.1140202178511362
4,0,0.016190212005632754
2,1,-0.00031157851857627206
5,0,0.0388846173249256
5,0,0.04293116641461381
5,0,0.04541196880962939
2,1,-0.0050268720940295775
0,0,0.028098888537485767
2,0,0.0029669950027485514
3,1,-0.13157897017045467
0,0,0.06676140120756374
4,1,-0.014018143393410898
5,0,0.04293116641461381
4,1,-0.2577977274704342
3,1,-0.239105673986938
5,0,0.04541196880962939
0,0,0.061554259323764626
4,1,-0.13428146108975964
2,0,0.0038350343731303194
2,1,-0.002072341733626859
5,0,0.04936304942077341
0,0,0.02663521478979569
0,1,-0.2767854528007128
3,0,0.029576074771070437
5,0,0.029969061541169906
5,0,0.04293116641461381
0,1,-0.07615913962126386
4,1,-0.08856635743203711
2,0,0.0038350343731303194
3,0,0.0007054726517037868
4,1,-0.2404207293423269
4,1,-0.08749228773979961
4,1,-0.13428146108975964
2,1,-0.0050268720940295775
2,0,0.03874085148527168
4,1,-0.13428146108975964
2,1,-0.043544853077174706
2,0,0.04249053679485065
4,1,-0.22427462061939113
3,1,-0.13161673891077702
3,1,-0.1319745563666906
4,1,-0.050151848119187825
5,0,0.015176319532824
4,0,0.008364240274385482
3,1,-0.11374505143540731
4,1,-0.22427462061939113
0,0,0.06538229215601798
1,1,-0.19732994588783764
0,0,0.06957470045809228
2,0,0.0029669950027485514
2,0,0.033455092204181025
2,0,0.03987623128823531
4,1,-0.23197300071621535
5,0,0.04512431948362228
1,1,-0.036527301815457214
4,1,-0.22427462061939113
5,0,0.042641487791846566
3,1,-0.12972011488658747
3,0,0.03438443769180993
5,0,0.030349830730175165
5,0,0.04293116641461381
0,1,-0.05326247072365031
5,0,0.04541196880962939
2,0,0.0038350343731303194
2,0,0.016818907985324316
2,1,-0.05112651598510659
5,0,0.04746013431661722
4,1,-0.08791508383473234
0,0,0.06672766296255978
5,0,0.04541196880962939
5,0,0.04293116641461381
3,1,-0.12984591924459926
4,0,0.00603848437781046
4,1,-0.08622664584992162
6,1,-0.017410169092024697
4,1,-0.014018143393410898
3,1,-0.11204731158795861
3,1,-0.11593418665259819
6,1,-0.01259510706206457
3,1,-0.11374505143540731
3,1,-0.0008278297252387046
4,1,-0.1899097462275538
0,1,-0.010656419239456427
4,1,-0.2577977274704342
2,1,-0.048610233234513356
5,0,0.03347955160884042
3,1,-0.12936382223903703
3,1,-0.21351907152287192
3,1,-0.11330505470789393
0,1,-0.17414948391412116
5,0,0.04293116641461381
5,0,0.04541196880962939
5,0,0.04293116641461381
2,0,0.03874085148527168
0,0,0.04542645700452447
5,0,0.04293116641461381
3,0,0.03099051940043701
4,1,-0.2577977274704342
0,1,-0.05199210267303567
4,1,-0.014018143393410898
5,0,0.04541196880962939
4,1,-0.1371226984100416
2,1,-0.00964852888527129
0,0,0.061554259323764626
6,1,-0.010592855755077346
5,0,0.04293116641461381
5,0,0.04541196880962939
3,1,-0.13138633836347807
3,1,-0.1316040824355293
0,0,0.05892370815919956
6,1,-0.016849696745195375
4,1,-0.13428146108975964
2,0,0.011438451287725193
4,0,0.013164126008803623
4,1,-0.23859770850775736
0,0,0.06550305802836703
4,1,-0.2577977274704342
4,1,-0.08970050657758105
5,0,0.023683470342882318
1,0,0.03161774493069969
4,1,-0.13428146108975964
4,1,-0.20359944592017082
3,1,-0.2408027260675622
4,1,-0.13428146108975964
2,1,-0.002072341733626859
0,0,0.04283376036561698
0,0,0.0651239160265758
0,0,0.07180526635241274
2,0,0.016818907985324316
2,1,-0.002072341733626859
2,1,-0.00031157851857627206
3,1,-0.11593418665259819
0,0,0.04829950692173346
6,1,-0.01122668477318095
3,1,-0.11362212204645944
0,1,-0.06295783681440792
0,1,-0.04903202344401042
4,0,0.010455822844627205
2,0,0.03726891225902379
1,0,0.007660867558691387
4,1,-0.13428146108975964
3,1,-0.12948954150832998
2,0,0.016818907985324316
4,1,-0.014018143393410898
5,0,0.04541196880962939
0,0,0.04853181112040461
4,1,-0.16341990067456974
4,1,-0.2577977274704342
0,0,0.06488103985148047
5,0,0.04512431948362228
6,1,-0.01122668477318095
4,1,-0.10542985528526067
0,0,0.06956378659884094
4,1,-0.014018143393410898
6,1,-0.010592855755077346
4,1,-0.014018143393410898
5,0,0.04293116641461381
0,0,0.06271657078758297
3,1,-0.11339956364155007
3,1,-0.11439335862299976
0,0,0.061010815464875134
2,1,-0.002072341733626859
4,1,-0.1986155498396019
3,1,-0.14967118540756835
4,1,-0.2146784225499086
5,0,0.04512431948362228
4,1,-0.12088213620083194
2,1,-0.002072341733626859
0,0,0.0713636831785125
1,0,0.04094269013687257
5,0,0.04293116641461381
0,0,0.06918255213941127
4,1,-0.21302508153156013
0,0,0.03652047100142208
2,1,-0.002374810012999551
0,0,0.05728738032787867
5,0,0.028472892837890784
0,1,-0.2358857082488653
0,1,-0.20793036971680784
0,0,0.016842294063664165
3,0,0.004333927764122503
0,0,0.0690471085363511
4,1,-0.23410458466335377
5,0,0.023683470342882318
2,0,0.016818907985324316
0,0,0.05302293147375409
3,1,-0.11471929618878579
2,1,-0.002072341733626859
5,0,0.044010526348501444
3,1,-0.24247957923945812
4,1,-0.13428146108975964
3,0,0.004333927764122503
0,0,0.07088703100061611
2,1,-0.00031157851857627206
2,1,-0.0438007020562855
5,0,0.04541196880962939
2,1,-0.0050268720940295775
5,0,0.04293116641461381
0,0,0.03949298734495876
2,1,-0.0050268720940295775
0,1,-0.0002113646582936335
3,1,-0.11368155819247655
0,0,0.059886810638480614
5,0,0.04746013431661722
3,0,0.050226411693170436
0,0,0.033121092088878645
0,0,0.038763961530250524
4,1,-0.014018143393410898
5,0,0.04541196880962939
3,1,-0.22451906232652258
4,1,-0.1875488475540134
3,1,-0.11437314945720028
2,1,-0.04608869736910909
0,0,0.053374098643787615
3,1,-0.22538606541158118
2,0,0.016818907985324316
5,0,0.04541196880962939
4,1,-0.13428146108975964
2,0,0.0038350343731303194
5,0,0.042641487791846566
0,1,-0.0034553381785396575
4,1,-0.16439712540199275
4,1,-0.13428146108975964
5,0,0.03945444012584798
0,0,0.05590121903523593
5,0,0.04293116641461381
2,0,0.016818907985324316
1,0,0.04087781491868181
4,1,-0.2628850847653302
2,0,0.016818907985324316
5,0,0.04512431948362228
4,1,-0.042762605825276634
5,0,0.02701421791065378
3,1,-0.13102891875321215
3,1,-0.23950932865288327
0,1,-0.16713635999708926
3,1,-0.11374505143540731
5,0,0.0285060738550052
4,1,-0.2146784225499086
4,1,-0.000812861732890191
0,0,0.061554259323764626
4,1,-0.22301473725036985
4,1,-0.08914206025003663
5,0,0.04541196880962939
0,0,0.07233921387268472
3,1,-0.10902258467029918
2,0,0.016818907985324316
4,1,-0.13428146108975964
5,0,0.04936304942077341
4,1,-0.13428146108975964
4,1,-0.22427462061939113
2,0,0.03987623128823531
5,0,0.04293116641461381
1,0,0.027494062537658903
5,0,0.04293116641461381
0,1,-0.11978638387884949
5,0,0.04541196880962939
4,1,-0.22301473725036985
3,1,-0.11128843172607011
4,1,-0.13428146108975964
3,1,-0.13138633836347807
6,1,-0.017410169092024697
2,0,0.016818907985324316
5,0,0.04512431948362228
5,0,0.03347955160884042
5,0,0.04293116641461381
4,1,-0.014018143393410898
3,1,-0.10979289878429227
4,1,-0.22301473725036985
5,0,0.0285060738550052
5,0,0.04541196880962939
4,0,0.016190212005632754
2,1,-0.002072341733626859
4,1,-0.13428146108975964
3,0,0.006153578139232785
5,0,0.04293116641461381
4,1,-0.22782980012726656
2,1,-0.002072341733626859
3,0,0.03247357857109395
2,1,-0.05112651598510659
5,0,0.04541196880962939
5,0,0.04541196880962939
3,1,-0.23331870675193495
4,1,-0.22740715026003105
4,0,0.011182623055128293
0,0,0.059697359111062
2,1,-0.0050268720940295775
5,0,0.04293116641461381
4,1,-0.1300084843089107
6,1,-0.017410169092024697
2,0,0.01884727147770271
2,0,0.0038350343731303194
1,0,0.03959174562865836
0,0,0.07273076195989986
3,1,-0.11437314945720028
4,1,-0.050151848119187825
4,1,-0.13428146108975964
5,0,0.02877415190081839
5,0,0.051789855527090756
5,0,0.03234587893882512
2,0,0.037805858268215975
3,1,-0.12930216140558887
4,1,-0.1501877932971037
4,1,-0.22301473725036985
4,1,-0.1140202178511362
1,0,0.02462605356304337
4,1,-0.21426466771529834
2,1,-0.002072341733626859
2,0,0.016818907985324316
5,0,0.03318214156363447
5,0,0.026021219873317514
4,1,-0.050151848119187825
0,1,-0.1268195396288853
2,0,0.016818907985324316
2,1,-0.047545756196232525
4,0,0.031146086066879852
4,1,-0.22427462061939113
4,1,-0.13428146108975964
0,0,0.0643943662433189
1,0,0.027494062537658903
4,1,-0.23410458466335377
3,1,-0.11198806562236446
1,0,0.04087781491868181
5,0,0.04293116641461381
4,1,-0.2577977274704342
0,0,0.05409602599907415
3,1,-0.11402723684454646
3,0,0.027480519518104818
3,1,-0.12678383250751163
4,1,-0.050151848119187825
1,0,0.03959174562865836
3,0,0.046960096593413436
0,1,-0.15045297414311193
3,0,0.029576074771070437
3,1,-0.13614094105262337
3,0,0.00024754020223993756
3,1,-0.22367852542448924
2,1,-0.00535547430723482
3,0,0.03798994502925557
0,0,0.0690471085363511
3,1,-0.22456937413197492
6,1,-0.0379845598015911
5,0,0.04293116641461381
5,0,0.04541196880962939
3,1,-0.22200085995041846
2,1,-0.0050268720940295775
6,1,-0.017410169092024697
0,0,0.05961443823210083
4,1,-0.22952326209169444
5,0,0.023683470342882318
0,0,0.0002558796211182268
5,0,0.04293116641461381
6,1,-0.010592855755077346
4,1,-0.014018143393410898
4,1,-0.014018143393410898
3,0,0.0015453535230969817
0,0,0.0716216130652293
0,0,0.06468353033508784
1,0,0.04087781491868181
3,1,-0.11471929618878579
2,1,-0.048547701493311946
4,1,-0.22427462061939113
1,0,0.02774402220000638
5,0,0.044010526348501444
4,1,-0.24556723256365748
0,1,-0.14004773187893488
2,1,-0.00031157851857627206
5,0,0.04541196880962939
6,0,0.03438716101501815
2,0,0.03874085148527168
0,1,-0.12548697601316366
2,0,0.016818907985324316
2,0,0.016721741989954242
3,1,-0.13102891875321215
1,0,0.02462605356304337
2,0,0.0029669950027485514
4,1,-0.13428146108975964
5,0,0.03917736655658338
4,1,-0.13428146108975964
5,0,0.04541196880962939
4,1,-0.2577977274704342
4,1,-0.13428146108975964
0,1,-0.045508249822102775
6,1,-0.017410169092024697
5,0,0.044010526348501444
4,1,-0.09029362297026977
4,1,-0.12088213620083194
2,0,0.016818907985324316
5,0,0.04293116641461381
1,0,0.02462605356304337
5,0,0.04293116641461381
2,1,-0.00031157851857627206
4,1,-0.2146784225499086
2,0,0.016818907985324316
4,1,-0.014018143393410898
3,1,-0.1139677604712393
3,1,-0.11374505143540731
2,0,0.039225393193118685
2,1,-0.00964852888527129
3,0,0.0012776622022273032
1,0,0.02462605356304337
5,0,0.04541196880962939
3,0,0.051163798016225226
2,0,0.016818907985324316
2,0,0.0029669950027485514
3,1,-0.1319745563666906
5,0,0.04541196880962939
5,0,0.03367821425295808
3,1,-0.22791803802116156
5,0,0.029969061541169906
5,0,0.04512431948362228
2,1,-0.00031157851857627206
6,1,-0.0115030204043588
0,0,0.03564954123908043
4,1,-0.23197300071621535
0,1,-0.011464339519468958
0,1,-0.04034813527583303
5,0,0.04541196880962939
3,0,0.03247357857109395
4,1,-0.21426466771529834
2,0,0.04348060145294835
3,1,-0.22702239039956257
4,1,-0.13428146108975964
0,0,0.055677374977978256
4,1,-0.014018143393410898
3,1,-0.11355046855301093
0,0,0.028443074690599757
3,1,-0.1311388402967661
0,0,0.03725173037831919
6,1,-0.017410169092024697
3,1,-0.12930216140558887
0,0,0.019646522882577788
2,0,0.0038350343731303194
5,0,0.04541196880962939
3,1,-0.10873915194086131
5,0,0.04512431948362228
4,1,-0.13428146108975964
2,1,-0.002072341733626859
5,0,0.04293116641461381
3,1,-0.1274931654122748
2,0,0.016818907985324316
4,1,-0.1371226984100416
5,0,0.029969061541169906
5,0,0.04541196880962939
2,1,-0.00535547430723482
1,0,0.022692096038720577
5,0,0.029969061541169906
1,0,0.04087781491868181
0,1,-0.012314733213396267
4,1,-0.22782980012726656
5,0,0.02224355675375983
5,0,0.04541196880962939
4,1,-0.18794452071408968
3,1,-0.1352821672057573
4,1,-0.014018143393410898
5,0,0.04512431948362228
2,0,0.016818907985324316
0,0,0.009275373164356782
2,0,0.016818907985324316
3,0,0.009328327332899511
0,0,0.07195074007082386
2,1,-0.0050268720940295775
5,0,0.04293116641461381
0,0,0.028309505875493746
2,0,0.0038350343731303194
4,0,0.014380548593818876
0,1,-0.033395699050211725
1,0,0.04017379120231046
2,1,-0.002374810012999551
0,1,-0.014412410540964538
0,0,0.01970455936548854
2,1,-0.0050268720940295775
4,1,-0.014018143393410898
3,0,0.03677317375735539
3,1,-0.13020253818275557
0,1,-0.11387702766550972
5,0,0.023683470342882318
2,1,-0.002072341733626859
0,1,-0.003271747592530738
2,1,-0.002072341733626859
2,0,0.0029669950027485514
3,0,0.00024754020223993756
5,0,0.029969061541169906
4,1,-0.014018143393410898
0,0,0.059556226918188904
3,1,-0.22984865453461073
4,1,-0.13428146108975964
4,1,-0.22427462061939113
3,1,-0.12888750775864694
3,0,0.0030854244503923933
3,1,-0.12984591924459926
2,1,-0.0010759794261244737
6,1,-0.01259510706206457
2,0,0.03874085148527168
2,1,-0.0050268720940295775
4,1,-0.26377871082167986
3,1,-0.24922458954631727
0,0,0.07148010660112752
5,0,0.04293116641461381
1,0,0.04087781491868181
3,1,-0.225904973429166
0,0,0.06022770069872185
5,0,0.03663729668963017
5,0,0.03917736655658338
2,1,-0.0050268720940295775
2,1,-0.0050268720940295775
3,0,0.015204091730510683
4,1,-0.2329583668670519
5,0,0.04541196880962939
3,1,-0.11437314945720028
5,0,0.04293116641461381
0,0,0.0690471085363511
2,0,0.04348060145294835
3,1,-0.10873915194086131
3,1,-0.005998564203263779
0,0,0.001493149762072099
5,0,0.04541196880962939
2,0,0.04249053679485065
6,1,-0.016849696745195375
5,0,0.04293116641461381
0,0,0.06244980905770797
5,0,0.04541196880962939
3,0,0.010868978478907776
2,0,0.0038350343731303194
5,0,0.023683470342882318
5,0,0.03945444012584798
2,0,0.016818907985324316
0,1,-0.1025993969315977
5,0,0.04541196880962939
4,1,-0.23410458466335377
5,0,0.02337804710161756
5,0,0.04293116641461381
2,0,0.016818907985324316
4,1,-0.016473886019538808
2,1,-0.00031157851857627206
2,0,0.03874085148527168
3,1,-0.1135706452108513
4,1,-0.014018143393410898
3,1,-0.24840288518478054
1,0,0.029460815323556266
0,0,0.0693379302330353
3,0,0.05083756149662472
3,1,-0.11261490778231081
6,1,-0.01122668477318095
3,0,0.04016208046936681
3,1,-0.1271383789786637
2,0,0.016818907985324316
4,1,-0.2146784225499086
3,1,-0.13122142027222478
4,1,-0.22427462061939113
0,0,0.059975844764224795
5,0,0.03663729668963017
4,1,-0.014018143393410898
0,0,0.03895335090915991
4,1,-0.22427462061939113
0,1,-0.11591928046727668
4,1,-0.014018143393410898
4,1,-0.22301473725036985
3,1,-0.225477858646221
3,1,-0.0005587143391501681
3,1,-0.11255559576445501
4,1,-0.014018143393410898
0,1,-0.049637238900966996
5,0,0.04541196880962939
0,0,0.06763039653029085
3,0,0.0033518930777396427
0,1,-0.19344803469377508
3,0,0.012476301089857422
4,1,-0.2146784225499086
3,0,0.013139642197614543
2,0,0.01884727147770271
2,0,0.016818907985324316
2,1,-0.002072341733626859
5,0,0.04541196880962939
5,0,0.04541196880962939
0,1,-0.12207818047054136
4,1,-0.22301473725036985
1,0,0.04087781491868181
2,0,0.016818907985324316
4,1,-0.1371226984100416
5,0,0.03347955160884042
5,0,0.04541196880962939
3,1,-0.22200085995041846
4,1,-0.22427462061939113
0,1,-0.06809122824225494
3,1,-0.23444751201658082
4,1,-0.014018143393410898
4,1,-0.005427140943149833
3,0,0.04786689078036982
5,0,0.04541196880962939
5,0,0.04541196880962939
5,0,0.044010526348501444
2,1,-0.002072341733626859
4,1,-0.1371226984100416
4,1,-0.2577977274704342
0,0,0.03336724586768686
5,0,0.04293116641461381
5,0,0.04293116641461381
5,0,0.04293116641461381
3,1,-0.22456937413197492
3,0,0.01953213318457847
5,0,0.04541196880962939
0,0,0.01690555554414186
0,1,-0.003741994479920463
5,0,0.04563012766031471
6,1,-0.016849696745195375
4,1,-0.014018143393410898
4,1,-0.22427462061939113
3,1,-0.11593418665259819
3,1,-0.11288013913851741
2,0,0.016818907985324316
2,0,0.0038350343731303194
4,1,-0.13428146108975964
3,0,0.0030854244503923933
3,1,-0.0014782772621525497
5,0,0.029969061541169906
5,0,0.044010526348501444
5,0,0.04293116641461381
0,0,0.058642950472208744
1,0,0.022261319785706613
5,0,0.04293116641461381
4,1,-0.22740715026003105
3,1,-0.1344803760799454
5,0,0.04746013431661722
4,1,-0.08655374259859722
0,1,-0.027921204812027423
0,0,0.03766329285122072
0,0,0.04026696294648874
3,1,-0.11239188415700246
0,0,0.06635959911788514
2,1,-0.002701244857896523
0,0,0.029381439776071938
3,1,-0.131246515552431
4,1,-0.08856635743203711
0,0,0.06889194346252853
5,0,0.04293116641461381
2,1,-0.03360945857106529
2,0,0.016818907985324316
5,0,0.03945444012584798
2,1,-0.00031157851857627206
3,1,-0.13091650031783647
3,1,-0.12948954150832998
3,1,-0.11355046855301093
5,0,0.02049508683792728
6,1,-0.014666279920762637
4,1,-0.014018143393410898
0,0,0.06148997883338542
0,0,0.061554259323764626
5,0,0.04541196880962939
4,1,-0.22301473725036985
3,1,-0.11374505143540731
3,1,-0.13122142027222478
3,0,0.03278734468647615
4,1,-0.014018143393410898
3,1,-0.11395552650985125
4,1,-0.08655374259859722
4,0,0.031146086066879852
5,0,0.03663729668963017
0,0,0.0690471085363511
2,0,0.016721741989954242
0,1,-0.039326252585791865
2,1,-0.002072341733626859
2,0,0.016818907985324316
2,0,0.016818907985324316
0,0,0.0668456623422668
6,1,-0.017410169092024697
2,0,0.0038350343731303194
2,0,0.0038350343731303194
3,0,0.03891612354590657
0,1,-0.16357933150032372
5,0,0.03917736655658338
4,1,-0.26826502463957697
2,0,0.016818907985324316
5,0,0.023683470342882318
4,1,-0.21426466771529834
4,1,-0.22427462061939113
2,1,-0.0050268720940295775
0,1,-0.1602999891597236
2,0,0.0038350343731303194
2,1,-0.002072341733626859
0,0,0.050758039582812164
0,0,0.009840071485245017
0,0,0.043492264297203376
2,0,0.038776813452209624
5,0,0.03663729668963017
1,0,0.03336724586768686
3,1,-0.13090182987280358
3,1,-0.11334016031178168
5,0,0.04541196880962939
4,1,-0.014018143393410898
5,0,0.04541196880962939
0,0,0.07095603900127201
5,0,0.041306016505525345
0,0,0.06220418373133507
2,0,0.0038350343731303194
6,1,-0.017410169092024697
5,0,0.04541196880962939
3,1,-0.1309674638614567
2,1,-0.002374810012999551
5,0,0.03347955160884042
1,0,0.04087781491868181
4,1,-0.22427462061939113
3,0,0.0007054726517037868
5,0,0.04293116641461381
3,1,-0.11227018436956931
0,1,-0.2881079658432322
3,1,-0.13122142027222478
0,0,0.06258338652855316
1,0,0.02462605356304337
3,1,-0.11261490778231081
0,1,-0.09529768183883075
6,1,-0.0115030204043588
5,0,0.04541196880962939
4,1,-0.1140202178511362
3,1,-0.11082273572347495
2,1,-0.0050268720940295775
5,0,0.04293116641461381
2,1,-0.002072341733626859
5,0,0.04293116641461381
3,0,0.00024754020223993756
4,1,-0.13428146108975964
5,0,0.03945444012584798
4,1,-0.050151848119187825
0,1,-0.07687203630931994
6,1,-0.0115030204043588
0,0,0.05490694039855215
0,0,0.019083354893481563
3,1,-0.12978460202077352
2,1,-0.006629330449382853
3,1,-0.22496506838260505
3,1,-0.22367852542448924
4,1,-0.13428146108975964
4,1,-0.13428146108975964
3,1,-0.11261490778231081
3,1,-0.22451906232652258
3,0,0.0012776622022273032
2,0,0.016818907985324316
5,0,0.04936304942077341
3,0,0.00024754020223993756
5,0,0.04293116641461381
5,0,0.03651848643837119
2,0,0.016818907985324316
5,0,0.04512431948362228
6,1,-0.01259510706206457
3,0,0.0007054726517037868
3,1,-0.13542837678107905
6,1,-0.010592855755077346
3,1,-0.12659781292519307
0,0,0.051393229049099265
3,1,-0.24037130186480132
2,1,-0.00031157851857627206
3,1,-0.11301105668399264
5,0,0.041306016505525345
5,0,0.04541196880962939
4,1,-0.014018143393410898
5,0,0.04293116641461381
4,0,0.014380548593818876
5,0,0.03347955160884042
4,1,-0.20319318443429873
5,0,0.04541196880962939
5,0,0.04258143006418391
0,0,0.039112661735889065
5,0,0.04541196880962939
0,0,0.05917329676656574
0,0,0.06238643960672591
2,0,0.016818907985324316
4,1,-0.22301473725036985
0,0,0.061554259323764626
5,0,0.03917736655658338
5,0,0.04541196880962939
3,1,-0.22716494682402583
2,0,0.0029669950027485514
4,1,-0.014018143393410898
0,0,0.05110937248142172
0,1,-0.0018900734958671728
3,1,-0.13203612846937945
4,1,-0.21426466771529834
2,0,0.016818907985324316
3,1,-0.11374505143540731
0,0,0.06039058854386481
0,0,0.02325731092113098
2,1,-0.04921371216113968
5,0,0.026021219873317514
3,0,0.039692484056393584
2,0,0.016818907985324316
4,1,-0.014018143393410898
4,1,-0.050151848119187825
0,0,0.06585001905722399
1,0,0.03766329285122072
6,1,-0.016849696745195375
3,1,-0.11261490778231081
2,1,-0.002072341733626859
4,1,-0.22740715026003105
2,0,0.016818907985324316
5,0,0.03686800050104089
2,0,0.016818907985324316
4,1,-0.08749228773979961
2,0,0.03874085148527168
4,1,-0.13428146108975964
4,1,-0.07148205430379623
0,1,-0.08132260059886814
3,1,-0.1094276820799836
0,1,-0.008555879683793954
4,1,-0.22301473725036985
5,0,0.029969061541169906
2,0,0.016818907985324316
3,0,0.0012776622022273032
4,1,-0.014018143393410898
5,0,0.04293116641461381
4,1,-0.014018143393410898
2,1,-0.0044837280115137546
3,1,-0.12882630206701068
2,1,-0.0050268720940295775
3,1,-0.1309674638614567
2,0,0.0029669950027485514
5,0,0.04293116641461381
3,0,0.0010521599009920557
3,1,-0.11295986450911549
1,0,0.03297817901776173
3,0,0.0042559702802686394
0,1,-0.12724378326488156
1,0,0.02462605356304337
3,1,-0.11261490778231081
3,1,-0.11374505143540731
0,0,0.07113352845306281
3,1,-0.11374505143540731
3,1,-0.12867088257558074
2,0,0.0029669950027485514
5,0,0.04936304942077341
0,0,0.06308290798689936
0,1,-0.034989331514401645
4,1,-0.2577977274704342
0,0,0.06002950616983577
3,1,-0.20945198736025422
5,0,0.029969061541169906
4,1,-0.22427462061939113
5,0,0.028472892837890784
1,1,-0.20223788541508442
0,1,-0.05857609289482307
5,0,0.04541196880962939
0,0,0.06203322199756911
3,0,0.0042559702802686394
3,1,-0.11293154636418817
4,0,0.013164126008803623
2,0,0.016818907985324316
1,0,0.03336724586768686
0,0,0.0733957000242138
0,0,0.07257182352636804
5,0,0.04541196880962939
5,0,0.04293116641461381
6,1,-0.010592855755077346
3,1,-0.11261490778231081
0,0,0.04878701135572966
5,0,0.04541196880962939
0,1,-0.055062938806568706
2,0,0.03874085148527168
5,0,0.023683470342882318
2,1,-0.006629330449382853
3,1,-0.13239422977454246
5,0,0.04293116641461381
3,1,-0.11374505143540731
0,0,0.03515588230297939
0,0,0.05110937248142172
3,1,-0.12936382223903703
4,1,-0.1300084843089107
4,1,-0.22740715026003105
3,1,-0.13157897017045467
4,1,-0.17372287423829819
0,1,-0.11679778735935459
2,1,-0.002072341733626859
4,1,-0.2146784225499086
4,1,-0.014018143393410898
2,0,0.001028361370989217
0,0,0.061554259323764626
2,0,0.012797646452757494
4,1,-0.22427462061939113
4,1,-0.22301473725036985
3,0,0.03757874745753437
0,0,0.07155470361927407
2,0,0.037805858268215975
4,1,-0.2577977274704342
3,1,-0.11145088624247063
2,0,0.01884727147770271
0,1,-0.00836979035654889
1,0,0.02462605356304337
0,0,0.06885406879275907
4,1,-0.13428146108975964
3,1,-0.13122142027222478
0,0,0.06091226241396708
0,1,-0.12650098869477183
4,1,-0.014018143393410898
2,1,-0.048547701493311946
3,0,0.0042559702802686394
3,1,-0.12744111697715238
4,1,-0.014018143393410898
4,1,-0.014018143393410898
4,1,-0.13428146108975964
0,0,0.07066970060390715
3,1,-0.131159942978697
2,0,0.037805858268215975
4,1,-0.22301473725036985
2,1,-0.00535547430723482
2,0,0.016818907985324316
2,0,0.0029669950027485514
3,1,-0.11368155819247655
3,1,-0.11374505143540731
4,1,-0.21426466771529834
2,1,-0.05055231449194891
4,1,-0.13428146108975964
2,0,0.0038350343731303194
3,0,0.03891612354590657
3,0,0.030794836676954596
3,1,-0.11374505143540731
0,0,0.05092230373433432
0,0,0.05409602599907415
5,0,0.029969061541169906
2,1,-0.00031157851857627206
1,0,0.04017379120231046
1,0,0.02462605356304337
5,0,0.04293116641461381
5,0,0.0388846173249256
5,0,0.03347955160884042
0,1,-0.06963985698342806
4,1,-0.014018143393410898
5,0,0.023683470342882318
5,0,0.04541196880962939
2,0,0.04348060145294835
0,1,-0.07295713990226937
4,1,-0.050151848119187825
2,0,0.017561496239660135
4,1,-0.26377871082167986
5,0,0.03347955160884042
0,0,0.05368607646559803
5,0,0.04541196880962939
3,1,-0.1309632771257166
3,0,0.0033518930777396427
0,0,0.015165541412995254
3,1,-0.11368155819247655
2,1,-0.002072341733626859
4,1,-0.13428146108975964
3,1,-0.11513922616369882
0,1,-0.015074450524587835
4,1,-0.2329583668670519
5,0,0.04293116641461381
0,1,-0.07790169234204797
6,1,-0.017410169092024697
4,1,-0.22301473725036985
2,0,0.01884727147770271
5,0,0.04293116641461381
0,0,0.05403865260442908
2,0,0.016818907985324316
5,0,0.04293116641461381
6,1,-0.017410169092024697
2,0,0.016818907985324316
2,0,0.0029669950027485514
0,0,0.0014643606743178217
0,0,0.0493269473327701
1,0,0.04087781491868181
4,1,-0.2577977274704342
2,0,0.0029669950027485514
0,0,0.05385188494568571
5,0,0.04541196880962939
3,1,-0.11288117125364866
2,1,-0.03360945857106529
5,0,0.04541196880962939
6,0,0.03438716101501815
3,1,-0.11135886545494872
2,1,-0.0438007020562855
4,1,-0.22427462061939113
4,1,-0.2146784225499086
4,1,-0.13428146108975964
0,1,-0.03152403881047927
3,0,0.03099051940043701
3,1,-0.22575693537672065
3,1,-0.21428981796257512
2,0,0.0029669950027485514
2,1,-0.005859940183854551
2,1,-0.005859940183854551
3,1,-0.11471929618878579
5,0,0.04541196880962939
0,1,-0.03764984858953696
2,0,0.016818907985324316
3,1,-0.1122109124678406
2,1,-0.03360945857106529
2,1,-0.003966699001150709
2,0,0.03874085148527168
0,0,0.050128623911045
5,0,0.04293116641461381
2,0,0.016818907985324316
4,1,-0.014018143393410898
3,1,-0.11431363282937651
6,1,-0.017410169092024697
2,1,-0.0050268720940295775
2,0,0.016818907985324316
0,0,0.0735022540721409
1,0,0.04087781491868181
3,0,0.040858603402296245
0,0,0.059096246389248375
3,1,-0.22158215253048458
0,0,0.06240662054613716
1,0,0.02462605356304337
5,0,0.04541196880962939
3,1,-0.11374505143540731
3,1,-0.1128218282502002
0,0,0.037191121419146045
5,0,0.04293116641461381
5,0,0.04746013431661722
6,1,-0.01259510706206457
6,1,-0.20874581039181367
5,0,0.04293116641461381
5,0,0.041306016505525345
0,0,0.006686933907777803
0,1,-0.0400596313651333
3,1,-0.11334016031178168
2,0,0.03987623128823531
3,1,-0.1128218282502002
5,0,0.04293116641461381
6,0,0.00012839316254087407
0,1,-0.16708642295061332
1,0,0.007660867558691387
4,1,-0.22740715026003105
3,1,-0.13090182987280358
3,0,0.006153578139232785
0,0,0.03336724586768686
0,1,-0.1506441930690658
3,1,-0.11374505143540731
0,1,-0.0001768498182134759
5,0,0.04293116641461381
0,1,-0.0374124670285092
4,1,-0.014018143393410898
0,0,0.043054225427840376
1,0,0.04055787411915418
5,0,0.03347955160884042
3,0,0.03774691996374174
2,0,0.016818907985324316
5,0,0.042641487791846566
5,0,0.04293116641461381
2,1,-0.0050268720940295775
6,1,-0.014666279920762637
0,1,-0.00836979035654889
5,0,0.04293116641461381
1,0,0.02462605356304337
2,1,-0.00535547430723482
5,0,0.03347955160884042
2,0,0.016818907985324316
1,0,0.03959174562865836
5,0,0.026021219873317514
5,0,0.03347955160884042
4,1,-0.13428146108975964
4,1,-0.13428146108975964
6,1,-0.00030262734548369696
6,1,-0.016849696745195375
0,0,0.06217314883619157
0,0,0.0611329589025722
1,0,0.03959174562865836
2,0,0.01884727147770271
2,1,-0.002072341733626859
4,1,-0.13428146108975964
2,1,-0.00031157851857627206
2,0,0.0029669950027485514
2,1,-0.00031157851857627206
2,1,-0.00031157851857627206
4,1,-0.13428146108975964
6,0,0.0033727401277461877
3,0,0.0007054726517037868
0,1,-0.0026567472648141854
2,0,0.037805858268215975
3,0,0.011198581049073897
2,1,-0.002072341733626859
3,1,-0.0008278297252387046
3,1,-0.11471929618878579
2,0,0.016818907985324316
4,1,-0.21426466771529834
4,1,-0.22773431264361327
5,0,0.023683470342882318
3,0,0.05192087620986757
2,1,-0.0050268720940295775
3,1,-0.11437314945720028
3,0,0.006153578139232785
4,1,-0.13428146108975964
0,0,0.06913406710370962
2,1,-0.002072341733626859
2,1,-0.002072341733626859
0,1,-0.14108108541456604
4,0,0.031146086066879852
0,0,0.06597708532499252
4,1,-0.010349404429099651
3,1,-0.11374505143540731
0,0,0.05328071640164089
3,1,-0.13138633836347807
2,1,-0.002072341733626859
0,0,0.0613896845359822
4,1,-0.13428146108975964
5,0,0.03347955160884042
3,1,-0.12936382223903703
2,1,-0.0050268720940295775
2,1,-0.0050268720940295775
1,0,0.02774402220000638
5,0,0.044010526348501444
5,0,0.04293116641461381
4,1,-0.23410458466335377
0,1,-0.08506281029745766
3,1,-0.22702239039956257
2,1,-0.047502253256337446
2,1,-0.002072341733626859
0,1,-0.0885183424821856
4,1,-0.13428146108975964
4,1,-0.014018143393410898
4,1,-0.19244015101326267
5,0,0.04541196880962939
3,0,0.0030854244503923933
4,0,0.031146086066879852
4,1,-0.26377871082167986
5,0,0.04541196880962939
3,1,-0.11301105668399264
4,1,-0.13428146108975964
4,1,-0.1467683109117897
3,1,-0.11437314945720028
3,1,-0.0008278297252387046
2,0,0.0038350343731303194
2,0,0.03987623128823531
4,1,-0.014018143393410898
5,0,0.02877415190081839
4,1,-0.2577977274704342
4,1,-0.2404207293423269
2,1,-0.00031157851857627206
2,1,-0.00031157851857627206
4,1,-0.13428146108975964
2,1,-0.002374810012999551
2,0,0.0038350343731303194
0,0,0.059084407957509244
0,0,0.024217873490771036
0,0,0.058676174633558065
4,1,-0.21426466771529834
2,1,-0.0050268720940295775
3,1,-0.22526131466228788
6,1,-0.01122668477318095
4,1,-0.07393944090541915
0,0,0.03224161066287101
5,0,0.04541196880962939
0,0,0.029771220848276714
2,0,0.016818907985324316
2,0,0.016818907985324316
3,0,0.00024754020223993756
3,0,0.029576074771070437
4,1,-0.050151848119187825
6,1,-0.01122668477318095
4,1,-0.01184443014200981
5,0,0.04512431948362228
2,0,0.016818907985324316
3,0,0.03247357857109395
3,0,0.009328327332899511
0,0,0.033567531567815556
5,0,0.04936304942077341
2,0,0.0038350343731303194
0,0,0.029381439776071938
5,0,0.04541196880962939
2,0,0.0038350343731303194
4,1,-0.2577977274704342
3,1,-0.11374505143540731
3,1,-0.12949014104242357
6,1,-0.01259510706206457
4,1,-0.2577977274704342
4,1,-0.13428146108975964
4,1,-0.2577977274704342
0,0,0.05008904160627664
0,0,0.06956378659884094
0,0,0.06637017069588219
4,1,-0.05051732821834082
5,0,0.04293116641461381
3,1,-0.22241985075791987
2,1,-0.002072341733626859
2,1,-0.0050268720940295775
0,0,0.06763039653029085
5,0,0.034983263393514596
4,1,-0.11431243190562207
5,0,0.04541196880962939
0,0,0.07337547199068933
2,0,0.0038350343731303194
0,1,-0.047773988802202794
5,0,0.04541196880962939
2,1,-0.002072341733626859
5,0,0.0369316087998981
0,0,0.07215729541524579
4,1,-0.10542985528526067
3,1,-0.12984591924459926
0,1,-0.08881704972017734
3,1,-0.13676321028897592
3,1,-0.11082273572347495
0,1,-0.002754257888028522
0,0,0.03961789919028097
5,0,0.026021219873317514
5,0,0.04541196880962939
6,1,-0.0115030204043588
0,0,0.025111005217696436
2,1,-0.00031157851857627206
0,0,0.022514818652766666
3,1,-0.11261490778231081
2,1,-0.002072341733626859
5,0,0.04293116641461381
3,1,-0.11593418665259819
2,1,-0.00535547430723482
6,1,-0.014666279920762637
2,1,-0.005859940183854551
0,0,0.07033323843217842
2,1,-0.016379215053455076
5,0,0.04541196880962939
5,0,0.015176319532824
5,0,0.04293116641461381
2,0,0.016818907985324316
0,1,-0.02928720306059529
2,0,0.0038350343731303194
6,1,-0.010592855755077346
4,1,-0.22740715026003105
2,0,0.001028361370989217
4,1,-0.014018143393410898
2,1,-0.006629330449382853
6,1,-0.016569744849469714
1,0,0.04087781491868181
4,1,-0.21426466771529834
3,0,0.0042559702802686394
5,0,0.03917736655658338
1,0,0.02462605356304337
3,1,-0.11374505143540731
0,0,0.06044699077366483
3,1,-0.13366225442623175
4,1,-0.014018143393410898
5,0,0.04293116641461381
3,1,-0.11163249067364961
0,0,0.029771220848276714
2,0,0.0038350343731303194
0,0,0.06748815459059854
4,1,-0.2404207293423269
3,1,-0.11261490778231081
3,1,-0.23150327417160116
4,1,-0.014018143393410898
2,0,0.016721741989954242
4,1,-0.22740715026003105
5,0,0.04293116641461381
3,1,-0.11288117125364866
4,1,-0.13428146108975964
5,0,0.04541196880962939
0,0,0.07147871928216987
3,1,-0.1296584123201468
3,1,-0.1202289384088307
5,0,0.04541196880962939
3,1,-0.11374505143540731
0,0,0.07155789981169525
0,0,0.047956194627969184
3,1,-0.11261490778231081
5,0,0.04541196880962939
4,1,-0.26826502463957697
5,0,0.029969061541169906
0,1,-0.14670317689108897
3,0,0.03757874745753437
3,1,-0.10908148549700253
5,0,0.029969061541169906
3,1,-0.11135886545494872
4,1,-0.2577977274704342
4,0,0.014380548593818876
2,0,0.016818907985324316
4,1,-0.014018143393410898
4,1,-0.11431243190562207
2,0,0.01884727147770271
4,1,-0.19244015101326267
0,0,0.07288038040497885
5,0,0.03663729668963017
4,1,-0.014018143393410898
0,0,0.05994868078952814
4,1,-0.2577977274704342
4,1,-0.23197300071621535
2,1,-0.03360945857106529
2,1,-0.0050268720940295775
0,0,0.05871433509448182
3,1,-0.13198985899971566
4,1,-0.014018143393410898
0,0,0.02581247719619556
0,1,-0.050583381735076094
0,1,-0.10739902170095533
3,1,-0.1305070458068472
3,0,0.009328327332899511
0,0,0.06014123744667671
0,1,-0.009472210633107825
2,0,0.01884727147770271
0,0,0.01637658063456382
1,0,0.04087781491868181
0,0,0.0011966145362527492
5,0,0.023683470342882318
5,0,0.04151983711423857
2,1,-0.05045765069330982
5,0,0.026021219873317514
3,0,0.05285368292670184
1,0,0.03297817901776173
5,0,0.029969061541169906
4,1,-0.21426466771529834
2,1,-0.05045765069330982
2,1,-0.04460958878915494
5,0,0.04293116641461381
4,1,-0.014018143393410898
1,0,0.029940676258497445
4,1,-0.08791508383473234
3,0,0.014545756629885276
3,1,-0.1319745563666906
3,1,-0.11518086690234358
2,1,-0.010020670746230032
0,1,-0.017663313059971764
0,0,0.04200482950321416
3,1,-0.13102891875321215
2,0,0.0029669950027485514
0,0,0.07022322929204311
0,1,-0.02651968538993532
2,0,0.016818907985324316
3,1,-0.11437314945720028
6,0,0.03696483852550325
4,1,-0.03748248825979045
0,0,0.06339659270762443
4,1,-0.21426466771529834
3,0,0.0010521599009920557
5,0,0.040080658899607324
3,1,-0.11431363282937651
3,1,-0.11308172908884112
6,1,-0.01122668477318095
0,0,0.062282755871990725
3,1,-0.11437314945720028
5,0,0.04746013431661722
2,1,-0.006959242253898046
4,1,-0.22952326209169444
3,1,-0.11267736374813647
0,0,0.05302308344122225
0,0,0.069774860592964
4,1,-0.26377871082167986
6,1,-0.01259510706206457
3,1,-0.13090182987280358
2,1,-0.002072341733626859
3,1,-0.13138633836347807
0,0,0.06679102613599608
4,1,-0.09170986051062946
3,0,0.00024754020223993756
4,1,-0.08949115169460542
4,1,-0.014018143393410898
3,0,0.002614309480463317
2,0,0.04348060145294835
6,1,-0.01122668477318095
3,1,-0.11128843172607011
4,1,-0.014018143393410898
3,1,-0.0002278398314510821
4,1,-0.2628850847653302
4,1,-0.22740715026003105
6,1,-0.01122668477318095
5,0,0.04541196880962939
0,0,0.06245164852190338
4,1,-0.2577977274704342
0,0,0.004176544224881784
5,0,0.04293116641461381
5,0,0.04258143006418391
3,1,-0.0014782772621525497
3,1,-0.11431363282937651
0,0,0.03483897657732382
6,1,-0.01122668477318095
2,0,0.016818907985324316
0,0,0.05234727167100928
3,1,-0.10784996229650484
2,0,0.0029669950027485514
2,1,-0.0050268720940295775
3,1,-0.11255559576445501
2,1,-0.00031157851857627206
0,1,-0.09316918920037232
5,0,0.03860571498400828
4,1,-0.13428146108975964
3,1,-0.11322630819163165
5,0,0.04541196880962939
1,1,-0.1884657916558446
3,0,0.00024754020223993756
5,0,0.04541196880962939
3,0,0.04692056980336784
3,1,-0.11374505143540731
0,0,0.06787478299575006
5,0,0.042641487791846566
5,0,0.04541196880962939
5,0,0.04512431948362228
0,0,0.061554259323764626
3,1,-0.1309674638614567
3,1,-0.13138633836347807
3,1,-0.11047922445971475
3,1,-0.11333611334274923
2,0,0.04348060145294835
2,1,-0.00031157851857627206
1,0,0.04055787411915418
4,1,-0.014018143393410898
4,1,-0.21426466771529834
4,1,-0.06309008107607766
4,1,-0.010994781307270052
4,1,-0.13428146108975964
4,1,-0.13428146108975964
3,1,-0.11374505143540731
0,0,0.03005049986403896
2,1,-0.04821026934933015
4,1,-0.21426466771529834
0,0,0.029381439776071938
0,0,0.0679982499267916
2,1,-0.00031157851857627206
0,1,-0.005556498093832352
0,1,-0.10928655311134489
4,1,-0.24085261153968113
0,0,0.055152562366122315
4,1,-0.2577977274704342
5,0,0.03347955160884042
5,0,0.04541196880962939
3,1,-0.12948954150832998
2,1,-0.002072341733626859
5,0,0.04541196880962939
6,1,-0.17512120099251255
2,1,-0.002072341733626859
0,0,0.06300207222405663
4,1,-0.014018143393410898
2,1,-0.00031157851857627206
4,1,-0.22773431264361327
2,0,0.016818907985324316
4,1,-0.012377545169086623
3,1,-0.12902670623099882
2,1,-0.002374810012999551
4,1,-0.1875488475540134
5,0,0.04541196880962939
2,0,0.0038350343731303194
0,0,0.055169367107258616
2,0,0.03987623128823531
3,1,-0.11374505143540731
3,1,-0.1145787110757111
0,1,-0.04797955510983154
5,0,0.03686800050104089
3,1,-0.1139677604712393
3,0,0.0027634519215236075
2,0,0.039225393193118685
3,1,-0.1314653138228376
2,1,-0.0050268720940295775
3,0,0.011198581049073897
4,1,-0.13428146108975964
2,1,-0.006959242253898046
2,0,0.016818907985324316
0,0,0.045371325162152754
0,0,0.06147629554894107
5,1,-0.010490878350939703
0,1,-0.22970273954696246
4,1,-0.2146784225499086
5,0,0.030552965032311474
4,1,-0.13428146108975964
3,1,-0.11204731158795861
2,0,0.039225393193118685
3,0,0.004333927764122503
3,1,-0.11227018436956931
0,0,0.03724805985990626
0,0,0.07092277122612839
4,1,-0.05051732821834082
0,0,0.06761514234373084
2,1,-0.00031157851857627206
0,0,0.061554259323764626
0,1,-0.0072975479882816385
3,1,-0.11471929618878579
3,1,-0.22217867381577655
0,0,0.033964126027522024
6,1,-0.01259510706206457
1,0,0.03161774493069969
4,1,-0.2585480305398667
5,0,0.04936304942077341
2,0,0.04249053679485065
2,1,-0.002374810012999551
0,0,0.06650844107770565
3,0,0.004068123792828282
0,0,0.06217314883619157
2,0,0.0038350343731303194
4,1,-0.014018143393410898
3,1,-0.10939114033722391
5,0,0.04293116641461381
2,0,0.016818907985324316
5,0,0.04512431948362228
3,0,0.03360640938477405
1,0,0.03161774493069969
2,1,-0.002701244857896523
3,0,0.03278734468647615
5,0,0.03686800050104089
5,0,0.04293116641461381
3,0,0.029576074771070437
3,0,0.03774691996374174
4,0,0.021995557827972134
3,0,0.0012776622022273032
0,0,0.05623080394084207
0,1,-0.049448781292791066
3,1,-0.24161475509363778
3,1,-0.1115814368551678
2,1,-0.0044837280115137546
3,1,-0.13054473796348048
2,1,-0.002072341733626859
2,1,-0.0050268720940295775
0,1,-0.030714567479897648
4,1,-0.21389366383462688
5,0,0.04541196880962939
5,0,0.04293116641461381
5,0,0.04541196880962939
0,0,0.05522832856174287
0,0,0.01178036364778523
5,0,0.04541196880962939
0,0,0.0705202788789398
0,0,0.061554259323764626
2,1,-0.0050268720940295775
2,1,-0.00031157851857627206
3,0,0.013139642197614543
0,0,0.06906252274156499
6,1,-0.01122668477318095
5,0,0.04293116641461381
3,1,-0.11437314945720028
2,0,0.0038350343731303194
0,0,0.0671169299847007
5,0,0.04541196880962939
0,1,-0.09227763262422667
4,1,-0.2577977274704342
2,1,-0.00535547430723482
4,1,-0.014018143393410898
6,1,-0.0115030204043588
0,1,-0.00692974053566231
0,0,0.0689721864236505
3,0,0.03677317375735539
2,0,0.033455092204181025
0,1,-0.054900848350096065
0,0,0.03736798480957276
5,0,0.04293116641461381
2,0,0.016818907985324316
6,1,-0.01259510706206457
4,1,-0.09045407893024954
2,0,0.01884727147770271
4,1,-0.13428146108975964
4,1,-0.2628850847653302
0,0,0.0416967232446131
2,0,0.016818907985324316
3,0,0.009328327332899511
2,0,0.016818907985324316
0,1,-0.1723170436569082
1,0,0.03925063511992671
2,1,-0.047545756196232525
2,0,0.016818907985324316
3,1,-0.12948954150832998
5,0,0.04148741474167794
0,0,0.03865479893252499
5,0,0.03945444012584798
3,1,-0.11374505143540731
3,0,0.036327751157867405
5,0,0.028472892837890784
3,0,0.0010521599009920557
2,0,0.03726891225902379
0,0,0.004448262052964447
4,1,-0.22427462061939113
4,1,-0.13428146108975964
0,0,0.03163327970709251
5,0,0.04746013431661722
0,0,0.04650135553914381
6,1,-0.17448500963168462
2,0,0.016818907985324316
2,1,-0.00031157851857627206
5,0,0.04541196880962939
3,1,-0.11395552650985125
2,1,-0.043544853077174706
0,0,0.06872868911123403
4,1,-0.22301473725036985
5,0,0.03686800050104089
5,0,0.04541196880962939
4,1,-0.13428146108975964
3,1,-0.12772738840972048
0,0,0.036183445535600156
4,1,-0.23963783100612307
3,0,0.0042559702802686394
5,0,0.04293116641461381
3,0,0.03438443769180993
2,0,0.0038350343731303194
2,1,-0.003663025283061283
2,0,0.039225393193118685
3,1,-0.13138633836347807
5,0,0.04293116641461381
0,0,0.07186769197240872
4,1,-0.22427462061939113
2,1,-0.002374810012999551
2,1,-0.002072341733626859
0,1,-0.01684333947947092
2,0,0.016818907985324316
5,0,0.04541196880962939
5,0,0.04293116641461381
1,0,0.02462605356304337
2,1,-0.006629330449382853
5,0,0.04541196880962939
0,1,-0.11996959042349126
0,0,0.02528254539748387
2,0,0.0038350343731303194
5,0,0.04541196880962939
3,1,-0.2302221834231975
0,0,0.05781916384852831
2,0,0.0038350343731303194
0,1,-0.03882017026877149
2,0,0.03726891225902379
3,0,0.002080193122211138
5,0,0.026021219873317514
2,0,0.016818907985324316
0,1,-0.17149741541717384
5,0,0.04541196880962939
4,1,-0.22740715026003105
4,1,-0.14317063726390494
0,0,0.050128623911045
5,0,0.04746013431661722
4,1,-0.014018143393410898
4,1,-0.22427462061939113
0,0,0.021226389691396508
4,1,-0.13428146108975964
4,1,-0.014018143393410898
3,1,-0.22372876919542511
4,1,-0.014018143393410898
2,0,0.016818907985324316
5,0,0.03945444012584798
0,0,0.05921085452344549
6,1,-0.01122668477318095
0,0,0.061688842271823974
2,1,-0.002072341733626859
0,0,0.06357471185535463
5,0,0.04541196880962939
2,0,0.016818907985324316
2,1,-0.00964852888527129
6,1,-0.01122668477318095
0,0,0.02014919126092657
1,0,0.02462605356304337
6,1,-0.016849696745195375
4,1,-0.2577977274704342
3,1,-0.11552756030941475
4,1,-0.014018143393410898
3,1,-0.22330889309114493
4,1,-0.2577977274704342
5,0,0.04541196880962939
4,1,-0.13428146108975964
1,0,0.011239805712624618
3,1,-0.11593418665259819
3,1,-0.11368155819247655
5,0,0.029969061541169906
4,1,-0.01153100147589664
0,0,0.05914247643832876
5,0,0.04541196880962939
2,1,-0.048547701493311946
4,1,-0.22427462061939113
2,1,-0.007465718598194615
2,0,0.0029669950027485514
0,0,0.06057114568168309
0,1,-0.019386622431462552
5,0,0.04151983711423857
3,1,-0.1289613134785032
5,0,0.044010526348501444
3,1,-0.11437314945720028
0,1,-0.1233857239687865
0,0,0.050971156427310704
3,0,0.0033518930777396427
4,1,-0.21426466771529834
5,0,0.026021219873317514
0,1,-0.1658516312531177
3,0,0.048891832461926577
6,1,-0.01259510706206457
2,1,-0.00031157851857627206
3,0,0.05192087620986757
4,1,-0.26826502463957697
0,0,0.01690555554414186
0,0,0.03949298734495876
3,1,-0.11374505143540731
0,0,0.06583319437072249
4,1,-0.2146784225499086
0,1,-0.07235968887254796
4,1,-0.04799581253612695
5,0,0.04541196880962939
5,0,0.028472892837890784
3,1,-0.13203612846937945
0,1,-0.1474086592700064
3,1,-0.10873915194086131
5,0,0.04541196880962939
2,0,0.016818907985324316
0,0,0.01637658063456382
0,0,0.02691287348052035
2,1,-0.00535547430723482
3,1,-0.2207955934605777
1,0,0.01376692307956906
4,1,-0.03748248825979045
0,0,0.06492510963662046
5,0,0.03281678147597905
2,1,-0.002072341733626859
3,1,-0.11047922445971475
4,0,0.013164126008803623
1,1,-0.04175285069256213
3,1,-0.1309674638614567
3,1,-0.11360989635960256
0,1,-0.05037302198794241
2,0,0.03874085148527168
3,1,-0.110135945532368
6,1,-0.017410169092024697
4,1,-0.26826502463957697
2,0,0.01884727147770271
0,0,0.043673056325556736
5,0,0.04541196880962939
4,1,-0.1501877932971037
1,0,0.02424384544629893
2,1,-0.002072341733626859
3,0,0.05192087620986757
5,0,0.04541196880962939
5,0,0.04541196880962939
3,1,-0.2301031182677759
5,0,0.044010526348501444
3,1,-0.11082273572347495
3,1,-0.23777043538294046
2,0,0.0038350343731303194
5,0,0.04541196880962939
1,0,0.026026190348672595
0,0,0.06188623191322423
0,0,0.05863113360382838
0,1,-0.13250660647288842
0,0,0.033828934669979605
3,1,-0.10839704992458227
3,1,-0.22013731934076192
2,0,0.016818907985324316
4,1,-0.13428146108975964
6,0,0.039225393193118685
5,0,0.04293116641461381
0,0,0.06650844107770565
2,0,0.016818907985324316
3,1,-0.11204731158795861
5,0,0.042641487791846566
4,1,-0.2628850847653302
2,0,0.016818907985324316
3,1,-0.11552756030941475
5,0,0.042641487791846566
3,1,-0.20899271238846379
0,0,0.0690471085363511
2,0,0.016818907985324316
5,0,0.04541196880962939
0,0,0.06777373765104844
0,1,-0.2620837053918977
3,0,0.0010521599009920557
3,1,-0.11047922445971475
3,1,-0.11334016031178168
2,1,-0.00535547430723482
0,0,0.0690471085363511
3,1,-0.11135886545494872
4,1,-0.13428146108975964
2,1,-0.0050268720940295775
4,1,-0.13428146108975964
3,1,-0.11593418665259819
5,0,0.04541196880962939
0,0,0.034253418447732886
5,0,0.04541196880962939
0,0,0.06186932295103764
3,1,-0.11374505143540731
3,1,-0.11322630819163165
4,0,0.010455822844627205
4,1,-0.23410458466335377
2,0,0.016818907985324316
4,1,-0.08856635743203711
5,0,0.027701954085423974
4,1,-0.050151848119187825
0,0,0.02934506073546017
4,1,-0.11431243190562207
3,1,-0.11431363282937651
0,0,0.04480957790287232
5,0,0.04293116641461381
6,0,0.007695543192791199
0,1,-0.07720871996104811
2,0,0.016818907985324316
3,0,0.036327751157867405
5,0,0.023683470342882318
3,1,-0.1309674638614567
4,1,-0.2577977274704342
3,1,-0.11017254101457113
0,0,0.07300091957150862
4,1,-0.24406110246780394
3,1,-0.11374505143540731
0,0,0.0403734824239691
0,0,0.061048518769699245
3,0,0.012476301089857422
6,1,-0.01259510706206457
2,0,0.03987623128823531
4,1,-0.13428146108975964
5,0,0.04541196880962939
5,0,0.04541196880962939
2,0,0.03561777752893208
3,1,-0.22367852542448924
6,1,-0.01259510706206457
5,0,0.007566990267838913
3,1,-0.13239422977454246
0,0,0.0676912146963567
2,1,-0.007135393219495856
4,1,-0.2577977274704342
2,1,-0.04821026934933015
2,1,-0.00535547430723482
3,1,-0.11333611334274923
5,0,0.04293116641461381
2,0,0.016818907985324316
2,0,0.03874085148527168
4,1,-0.1140202178511362
5,0,0.04293116641461381
0,1,-0.12410912996576912
3,1,-0.22521094685450044
2,0,0.03874085148527168
2,1,-0.04821026934933015
5,0,0.04541196880962939
2,0,0.016818907985324316
3,0,0.027480519518104818
4,1,-0.014018143393410898
1,0,0.03766329285122072
4,1,-0.22343441426549077
0,0,0.06978916775299032
6,1,-0.01259510706206457
3,0,0.015204091730510683
4,1,-0.2577977274704342
6,1,-0.01259510706206457
5,0,0.04541196880962939
4,1,-0.21426466771529834
0,0,0.056714246125917245
0,0,0.0626591268222435
5,0,0.04293116641461381
3,1,-0.11402723684454646
0,0,0.06989631761839188
2,0,0.0029669950027485514
4,1,-0.13428146108975964
4,1,-0.13428146108975964
4,1,-0.23410458466335377
6,1,-0.01122668477318095
5,0,0.04541196880962939
0,0,0.008441723587037486
1,0,0.03264948096330811
2,0,0.016818907985324316
3,0,0.03232033814462032
3,1,-0.13138633836347807
3,0,0.03099051940043701
3,0,0.0010521599009920557
4,1,-0.014018143393410898
4,1,-0.014018143393410898
0,1,-0.029368154128546375
2,1,-0.005627836213626225
0,0,0.012796671124819137
0,0,0.04200482950321416
0,0,0.059762973639069183
4,1,-0.13428146108975964
4,1,-0.014018143393410898
0,0,0.053182015100490976
0,0,0.058229636703833076
2,1,-0.04608869736910909
5,0,0.04541196880962939
4,1,-0.13428146108975964
2,1,-0.00031157851857627206
4,1,-0.014018143393410898
0,1,-0.00914123813426887
2,1,-0.05076053844054257
3,0,0.0007054726517037868
5,0,0.04541196880962939
5,0,0.03945444012584798
4,1,-0.24085261153968113
6,1,-0.0115030204043588
3,1,-0.1275245178696191
0,0,0.06742481736308986
0,0,0.06094919119593628
0,0,0.06959012348797311
6,0,0.03438716101501815
4,1,-0.13428146108975964
5,0,0.029969061541169906
5,1,-0.0007249059689624637
5,0,0.03917736655658338
3,1,-0.1319745563666906
3,0,0.033330978882952
4,1,-0.014018143393410898
2,1,-0.04655376517965126
0,1,-0.011355248104977733
3,1,-0.10939114033722391
3,1,-0.11374505143540731
0,1,-0.03097413775032487
3,1,-0.1316040824355293
5,0,0.03917736655658338
2,0,0.016818907985324316
3,1,-0.11299494636906543
3,0,0.0007054726517037868
4,1,-0.13428146108975964
4,0,0.016190212005632754
3,1,-0.10908148549700253
1,0,0.029940676258497445
0,1,-0.12582828089882186
2,0,0.016818907985324316
0,0,0.06700019311041172
3,1,-0.13380801908823908
0,0,0.011545498926667952
4,1,-0.13428146108975964
2,1,-0.0018849231215635198
5,0,0.04541196880962939
3,1,-0.20974731289401888
0,0,0.06482346562738639
5,0,0.04293116641461381
0,1,-0.3044711271620872
5,0,0.04541196880962939
3,1,-0.11395552650985125
2,0,0.016818907985324316
0,1,-0.06772966624764937
4,1,-0.22740715026003105
1,0,0.02462605356304337
2,0,0.04348060145294835
6,1,-0.010592855755077346
4,1,-0.21426466771529834
1,0,0.011239805712624618
2,1,-0.002072341733626859
2,1,-0.047545756196232525
2,0,0.016818907985324316
0,0,0.07213561439598032
2,0,0.016818907985324316
0,0,0.053007955704105936
5,0,0.04541196880962939
1,0,0.027993812800266027
0,0,0.03224161066287101
5,0,0.04541196880962939
3,1,-0.11374505143540731
4,1,-0.08983354304866231
4,0,0.013164126008803623
2,1,-0.002072341733626859
2,1,-0.03360945857106529
5,0,0.03945444012584798
3,1,-0.008267168363228383
2,1,-0.00031157851857627206
2,1,-0.002072341733626859
4,1,-0.13428146108975964
3,0,0.0033518930777396427
2,1,-0.03360945857106529
3,0,0.050226411693170436
2,0,0.016818907985324316
0,0,0.06523049068892328
3,0,0.04786689078036982
2,1,-0.0050268720940295775
3,1,-0.1139677604712393
5,0,0.04293116641461381
0,1,-0.12954318956162542
6,1,-0.017410169092024697
4,1,-0.050151848119187825
2,1,-0.04784667312885971
4,1,-0.22301473725036985
2,1,-0.002072341733626859
0,1,-0.029193830187298098
2,1,-0.05193551746199504
3,1,-0.11261490778231081
2,0,0.04249053679485065
4,1,-0.2577977274704342
2,1,-0.0050268720940295775
4,1,-0.13428146108975964
5,0,0.027017700673668377
5,0,0.04293116641461381
2,0,0.016818907985324316
3,0,0.010868978478907776
0,0,0.04200482950321416
5,0,0.04746013431661722
2,1,-0.002072341733626859
4,1,-0.000812861732890191
2,0,0.016818907985324316
5,0,0.03234587893882512
4,1,-0.011588338712589408
2,0,0.0029669950027485514
2,1,-0.0001327649158252009
2,0,0.01884727147770271
0,1,-0.12028909079634192
4,1,-0.22301473725036985
5,0,0.04541196880962939
5,0,0.04293116641461381
5,0,0.023683470342882318
5,0,0.04541196880962939
3,1,-0.23064673854781054
2,0,0.033455092204181025
5,0,0.03651848643837119
2,1,-0.002701244857896523
3,1,-0.22409865170157
4,1,-0.22427462061939113
4,1,-0.20359944592017082
5,0,0.04541196880962939
6,1,-0.016849696745195375
4,1,-0.014018143393410898
3,1,-0.22074558708676412
4,1,-0.000812861732890191
3,1,-0.11288117125364866
2,0,0.016818907985324316
6,0,0.03987623128823531
0,0,0.060822515781060404
0,0,0.06470497966535016
5,0,0.02337804710161756
5,0,0.03663729668963017
4,1,-0.23197300071621535
4,1,-0.21426466771529834
2,1,-0.04816670138962459
2,0,0.039225393193118685
4,1,-0.05379965561451011
5,0,0.04541196880962939
0,0,0.01918033265643937
5,0,0.03347955160884042
0,0,0.06636901170875259
4,1,-0.2577977274704342
4,1,-0.014018143393410898
5,0,0.04293116641461381
0,0,0.06466992590322718
0,1,-0.0036821006410530654
2,1,-0.04088926683065919
2,1,-0.04645085690339651
5,0,0.04541196880962939
2,1,-0.006629330449382853
4,1,-0.23410458466335377
4,1,-0.014018143393410898
5,0,0.04541196880962939
4,1,-0.2404207293423269
0,1,-0.11475576079467714
2,1,-0.002374810012999551
2,1,-0.0050268720940295775
3,1,-0.11374505143540731
3,0,0.004333927764122503
0,1,-0.28119296020580004
2,1,-0.0050268720940295775
2,1,-0.0050268720940295775
4,1,-0.13428146108975964
0,0,0.00787582902773476
4,1,-0.21426466771529834
3,1,-0.11355046855301093
2,1,-0.00031157851857627206
4,1,-0.22427462061939113
3,0,0.006153578139232785
6,1,-0.016849696745195375
5,0,0.04541196880962939
2,1,-0.002072341733626859
3,0,0.015204091730510683
2,0,0.0029669950027485514
2,0,0.0038350343731303194
2,1,-0.002072341733626859
3,1,-0.10873915194086131
0,0,0.05906798449502415
2,1,-0.00535547430723482
4,1,-0.050151848119187825
3,1,-0.24840288518478054
3,0,0.00024754020223993756
4,1,-0.050151848119187825
3,1,-0.12731141417693354
4,1,-0.08655374259859722
2,0,0.03987623128823531
3,0,0.0010521599009920557
0,1,-0.07655974822533879
4,0,0.03082877486960678
1,0,0.02462605356304337
5,0,0.042641487791846566
1,1,-0.0002998022720668292
3,0,0.03774691996374174
0,1,-0.10318789434878167
3,1,-0.1309674638614567
4,1,-0.13428146108975964
5,0,0.04541196880962939
2,1,-0.005859940183854551
1,0,0.02462605356304337
4,1,-0.13428146108975964
0,0,0.06646846379935878
2,0,0.016818907985324316
5,0,0.015176319532824
3,1,-0.11339956364155007
2,1,-0.002374810012999551
4,1,-0.2146784225499086
2,0,0.0029669950027485514
3,0,0.03099051940043701
4,1,-0.13428146108975964
4,1,-0.2146784225499086
5,0,0.04541196880962939
4,1,-0.1964323220914475
3,1,-0.11334016031178168
0,0,0.07233921387268472
3,1,-0.08708366305545445
3,1,-0.23989880592483465
6,1,-0.010592855755077346
3,1,-0.0005587143391501681
4,1,-0.23197300071621535
3,0,0.0012776622022273032
2,0,0.0029669950027485514
0,0,0.02122477452007837
5,0,0.04293116641461381
0,0,0.027515906991498418
0,0,0.05520802336271602
3,1,-0.22372876919542511
2,0,0.0038350343731303194
2,0,0.01884727147770271
4,1,-0.22782980012726656
2,1,-0.002072341733626859
3,1,-0.12984591924459926
4,1,-0.23903840657348746
3,1,-0.13138633836347807
4,1,-0.11431243190562207
0,0,0.06601558036695887
5,0,0.04293116641461381
4,1,-0.0547229578588766
0,0,0.05545276649771169
2,1,-0.0029718103413163277
0,0,0.06935450671891258
4,1,-0.26377871082167986
4,1,-0.22396002274503174
4,1,-0.2577977274704342
0,0,0.06388002802066933
3,0,0.004333927764122503
1,0,0.04087781491868181
4,1,-0.26826502463957697
0,1,-0.08197263634486174
3,0,0.04016208046936681
1,0,0.04094269013687257
3,1,-0.227867455190976
1,0,0.012022136390451132
4,1,-0.22427462061939113
2,1,-0.0050268720940295775
0,1,-0.11729209603175933
0,0,0.05260312258279537
5,0,0.04541196880962939
3,0,0.0007054726517037868
5,0,0.04541196880962939
3,1,-0.11025765049492725
0,0,0.04070166353428051
5,0,0.04541196880962939
4,1,-0.23082840226188467
5,0,0.04541196880962939
2,0,0.016818907985324316
0,1,-0.14207991127932623
0,0,0.06918255213941127
2,1,-0.00031157851857627206
4,1,-0.23197300071621535
2,1,-0.002072341733626859
6,1,-0.01122668477318095
4,1,-0.2577977274704342
0,1,-0.14536425025070693
2,1,-0.002072341733626859
5,0,0.04541196880962939
3,1,-0.10908148549700253
0,0,0.0391886113585071
1,0,0.02462605356304337
6,1,-0.016849696745195375
3,1,-0.11116647948089736
1,1,-0.028812632695394635
3,1,-0.23065329281668484
3,0,0.03160040556865029
5,0,0.0388846173249256
3,0,0.029576074771070437
4,1,-0.22952326209169444
0,1,-0.13280176847251318
3,0,0.0042559702802686394
0,1,-0.19875929895394523
2,0,0.05460637125664941
5,0,0.04293116641461381
0,0,0.06073673616463138
2,1,-0.002072341733626859
4,1,-0.1300084843089107
5,0,0.04541196880962939
2,1,-0.002072341733626859
0,1,-0.049637238900966996
5,0,0.04512431948362228
5,0,0.04541196880962939
2,0,0.016818907985324316
4,1,-0.1371226984100416
5,0,0.04541196880962939
5,0,0.03347955160884042
0,0,0.030586394160531438
5,0,0.03917736655658338
4,1,-0.13428146108975964
0,1,-0.1864810548594525
5,0,0.0369316087998981
2,1,-0.002701244857896523
4,1,-0.014018143393410898
0,0,0.061554259323764626
0,1,-0.22660797968781238
0,0,0.063807560433848
2,1,-0.05045765069330982
4,1,-0.07604809460747503
5,0,0.03347955160884042
0,0,0.06838269213306641
5,0,0.029969061541169906
5,0,0.03917736655658338
4,1,-0.13428146108975964
2,0,0.016818907985324316
0,0,0.06118843356320053
2,0,0.016818907985324316
2,1,-0.00535547430723482
4,1,-0.2404207293423269
0,0,0.0357398902245441
3,0,0.004068123792828282
4,1,-0.22427462061939113
2,1,-0.047545756196232525
5,0,0.04293116641461381
4,1,-0.014018143393410898
0,0,0.03329313628871766
4,1,-0.014018143393410898
4,1,-0.014018143393410898
2,1,-0.002374810012999551
5,0,0.04293116641461381
4,1,-0.014018143393410898
0,1,-0.03069277540980364
4,1,-0.014018143393410898
0,1,-0.033101158140373066
0,0,0.06956378659884094
3,1,-0.22283912514478993
4,1,-0.050151848119187825
3,1,-0.11116647948089736
0,0,0.04747733466610532
2,1,-0.002072341733626859
2,1,-0.002072341733626859
2,0,0.019356117237110393
2,0,0.039225393193118685
1,0,0.03959174562865836
0,0,0.020458067794977608
4,1,-0.2146784225499086
4,1,-0.2577977274704342
3,0,0.03278734468647615
2,0,0.016818907985324316
2,1,-0.0050268720940295775
5,0,0.04293116641461381
3,1,-0.1316040824355293
4,1,-0.014018143393410898
2,0,0.016818907985324316
3,1,-0.225904973429166
2,1,-0.0050268720940295775
6,1,-0.010592855755077346
0,1,-0.0187915447967818
5,0,0.04541196880962939
3,1,-0.11152224510431302
4,1,-0.22301473725036985
4,1,-0.13428146108975964
3,1,-0.11437314945720028
0,0,0.06324825669332229
5,0,0.04293116641461381
2,0,0.016818907985324316
5,0,0.04293116641461381
0,0,0.05713709528306976
6,1,-0.010592855755077346
2,0,0.016818907985324316
0,0,0.0689721864236505
3,1,-0.11583279123997775
4,1,-0.014018143393410898
4,1,-0.01212118387267469
0,1,-0.024349660970883924
0,0,0.045626030650811444
0,0,0.048235283585979616
0,0,0.06331757176601682
4,1,-0.23410458466335377
6,0,0.005643520114075762
3,0,0.0012776622022273032
0,1,-0.03912468762560084
3,0,0.03677317375735539
3,1,-0.11437314945720028
4,1,-0.13428146108975964
4,1,-0.22427462061939113
0,0,0.06654235328411101
5,0,0.04541196880962939
5,0,0.023683470342882318
0,0,0.04147415930697701
3,1,-0.11360989635960256
0,0,0.07052809812432276
4,1,-0.014018143393410898
0,0,0.06596394887344342
3,1,-0.24209875143336462
5,0,0.04541196880962939
0,0,0.07301051584784957
6,1,-0.01259510706206457
2,1,-0.00031157851857627206
3,0,0.03891612354590657
0,0,0.030834262301248472
3,1,-0.11368155819247655
2,0,0.016818907985324316
4,1,-0.22427462061939113
0,0,0.029176977928738135
4,1,-0.19979147823226479
0,0,0.06742903509949683
5,0,0.04293116641461381
4,1,-0.13428146108975964
3,0,0.00024754020223993756
5,0,0.04293116641461381
2,1,-0.002072341733626859
5,0,0.028472892837890784
6,1,-0.014666279920762637
3,1,-0.1139677604712393
0,0,0.06218915537127728
0,1,-0.010712632494721153
5,0,0.04293116641461381
3,0,0.0030854244503923933
3,1,-0.11418134465187918
2,0,0.016818907985324316
2,0,0.03987623128823531
5,0,0.04293116641461381
4,1,-0.014018143393410898
4,1,-0.13428146108975964
3,1,-0.12942826575686744
0,0,0.06978811883426861
2,1,-0.04891187062143465
4,1,-0.23197300071621535
4,1,-0.2329583668670519
3,1,-0.0008278297252387046
0,0,0.032937462318959
5,0,0.04541196880962939
1,0,0.03959174562865836
4,1,-0.014018143393410898
5,0,0.023683470342882318
4,1,-0.23197300071621535
2,0,0.04249053679485065
5,0,0.04746013431661722
3,1,-0.11047922445971475
4,1,-0.22427462061939113
3,0,0.00024754020223993756
0,0,0.04526152007354112
5,0,0.04541196880962939
3,1,-0.13020253818275557
2,0,0.04249053679485065
0,0,0.016700728582857982
3,0,0.0030854244503923933
3,1,-0.11273668993801617
5,0,0.044646081908460755
6,1,-0.016849696745195375
3,1,-0.11374505143540731
0,0,0.01952823294259587
3,0,0.05177329607341158
2,1,-0.002701244857896523
0,0,0.06677739032953911
1,0,0.02462605356304337
2,1,-0.0050268720940295775
3,1,-0.11431363282937651
4,1,-0.13428146108975964
0,0,0.001184198654865798
2,0,0.016818907985324316
2,1,-0.0001327649158252009
4,1,-0.1467683109117897
6,1,-0.014666279920762637
3,1,-0.10868029095217274
2,1,-0.047545756196232525
0,0,0.07231076795332109
5,0,0.04541196880962939
4,1,-0.22427462061939113
4,1,-0.13428146108975964
0,0,0.06441564966794355
3,1,-0.005340739209690137
5,0,0.04293116641461381
3,1,-0.11333611334274923
2,0,0.04249053679485065
0,1,-0.095994466851961
5,0,0.03945444012584798
4,1,-0.22301473725036985
6,1,-0.017410169092024697
3,0,0.009328327332899511
3,1,-0.11437314945720028
0,0,0.001476933340035791
2,0,0.039225393193118685
2,1,-0.00031157851857627206
4,1,-0.13428146108975964
6,1,-0.01122668477318095
4,1,-0.1300084843089107
0,1,-0.0679685114944445
3,1,-0.13061032756009422
5,0,0.023683470342882318
1,1,-0.036189125547876455
0,1,-0.07901921734100897
4,1,-0.13428146108975964
5,0,0.03234587893882512
6,1,-0.0115030204043588
4,1,-0.08791508383473234
6,1,-0.01259510706206457
0,1,-0.0918047618518143
5,0,0.04541196880962939
2,1,-0.05045765069330982
4,1,-0.06393039975771275
3,1,-0.11368155819247655
5,0,0.03347955160884042
5,0,0.01679031685957416
4,1,-0.21389366383462688
4,1,-0.23410458466335377
6,0,0.024651779378449146
2,0,0.0029669950027485514
2,1,-0.002072341733626859
1,0,0.02774402220000638
3,1,-0.11116647948089736
3,1,-0.11273668993801617
5,0,0.04541196880962939
4,1,-0.22952326209169444
5,0,0.04293116641461381
0,1,-0.05200954015757875
3,1,-0.13239422977454246
2,0,0.016818907985324316
3,1,-0.22409865170157
6,1,-0.01122668477318095
0,1,-0.0928696447482873
2,1,-0.002072341733626859
4,1,-0.13428146108975964
1,0,0.02462605356304337
5,1,-0.028815926105667133
5,0,0.04541196880962939
5,0,0.028472892837890784
0,0,0.044746788260799586
3,1,-0.11082273572347495
5,0,0.04541196880962939
0,1,-0.05729422783314797
3,1,-0.22791803802116156
3,1,-0.11330505470789393
5,0,0.04541196880962939
0,0,0.06850772349273787
2,0,0.037805858268215975
5,0,0.04293116641461381
4,1,-0.23410458466335377
4,0,0.031146086066879852
5,0,0.028472892837890784
0,0,0.061554259323764626
5,0,0.01877298441259706
5,0,0.03234587893882512
1,0,0.04087781491868181
5,0,0.04293116641461381
5,0,0.04293116641461381
4,1,-0.23197300071621535
6,0,0.059096246389248375
5,0,0.04541196880962939
0,1,-0.07527299157239192
3,1,-0.13167826936871357
3,1,-0.22409865170157
0,0,0.0482841360669618
2,0,0.0038350343731303194
2,1,-0.002072341733626859
4,1,-0.13428146108975964
4,1,-0.13428146108975964
2,1,-0.04821026934933015
2,1,-0.00031157851857627206
0,0,0.03217130178017452
3,1,-0.1293025611177679
5,0,0.04293116641461381
3,0,0.05192087620986757
2,1,-0.007232689614895149
4,1,-0.2404207293423269
2,0,0.038776813452209624
2,0,0.0029669950027485514
3,1,-0.1309674638614567
0,0,0.06507351844899434
3,1,-0.2175871179507965
3,0,0.03099051940043701
5,0,0.03945444012584798
5,0,0.04541196880962939
5,0,0.04512431948362228
0,0,0.04687479589281568
5,0,0.026021219873317514
1,0,0.04087781491868181
0,0,0.06580557463741687
0,0,0.05028855696308443
5,0,0.04541196880962939
4,1,-0.24128436150017046
3,1,-0.1309632771257166
5,0,0.04541196880962939
5,0,0.04258143006418391
0,1,-0.01894754475927196
2,1,-0.002072341733626859
3,0,0.03851909213622734
5,0,0.023683470342882318
4,1,-0.11431243190562207
2,1,-0.00964852888527129
5,0,0.04541196880962939
5,1,-0.06305386853193923
4,1,-0.014018143393410898
5,0,0.03945444012584798
0,1,-0.012863888962378556
2,0,0.016818907985324316
0,1,-0.07263082073203592
0,0,0.05950343571764771
2,1,-0.002701244857896523
6,1,-0.017410169092024697
2,1,-0.002701244857896523
4,1,-0.13428146108975964
1,0,0.04017379120231046
2,1,-0.04235591645418696
3,1,-0.1307815880836694
2,0,0.03726891225902379
4,1,-0.050151848119187825
1,0,0.027494062537658903
6,1,-0.017410169092024697
4,1,-0.13428146108975964
5,0,0.03917736655658338
4,1,-0.050151848119187825
0,0,0.06025827907979725
4,0,0.013164126008803623
3,1,-0.23336973081588835
2,1,-0.03360945857106529
3,1,-0.1202289384088307
4,1,-0.22301473725036985
5,0,0.023683470342882318
5,0,0.04293116641461381
4,1,-0.014018143393410898
3,1,-0.11261490778231081
0,1,-0.16762425326848246
2,1,-0.002072341733626859
0,0,0.05996532929958254
0,0,0.05255159385352909
4,1,-0.23197300071621535
3,0,0.0012776622022273032
3,1,-0.11295986450911549
4,1,-0.01212118387267469
0,1,-0.1990207098702737
0,0,0.05409602599907415
5,0,0.04541196880962939
0,0,0.0011966145362527492
4,1,-0.2435768074379317
3,1,-0.13138633836347807
6,1,-0.010592855755077346
5,0,0.04293116641461381
0,0,0.07088185292210836
5,0,0.03663729668963017
0,0,0.055677374977978256
0,0,0.0656286019335866
3,0,0.0030854244503923933
2,1,-0.0050268720940295775
5,0,0.04541196880962939
4,1,-0.13428146108975964
2,1,-0.046486755559072945
1,0,0.02462605356304337
1,0,0.04055787411915418
5,0,0.04293116641461381
5,0,0.04293116641461381
2,0,0.05460637125664941
5,0,0.04293116641461381
2,0,0.016818907985324316
2,0,0.016818907985324316
0,1,-0.03747137770370018
2,0,0.0029669950027485514
4,1,-0.22427462061939113
6,1,-0.017410169092024697
0,0,0.024217873490771036
3,1,-0.11437314945720028
3,0,0.033330978882952
4,1,-0.050151848119187825
2,0,0.016818907985324316
0,0,0.05023313625540121
2,0,0.04348060145294835
3,1,-0.10873915194086131
6,0,0.04249053679485065
2,0,0.016818907985324316
0,0,0.058542078048955615
3,1,-0.13239422977454246
4,0,0.010455822844627205
2,1,-0.002072341733626859
2,0,0.0038350343731303194
3,1,-0.1309674638614567
1,0,0.04087781491868181
5,0,0.04541196880962939
5,0,0.04258143006418391
3,1,-0.12844565053499496
0,0,0.0403734824239691
3,1,-0.13157897017045467
2,1,-0.002072341733626859
4,1,-0.13428146108975964
1,0,0.02462605356304337
0,0,0.04051479082711351
2,1,-0.0050268720940295775
0,0,0.06555377548707936
3,0,0.008803302349556119
5,0,0.04293116641461381
2,0,0.0029669950027485514
2,1,-0.002701244857896523
3,0,0.0015453535230969817
4,0,0.016190212005632754
5,0,0.04512431948362228
2,0,0.016818907985324316
4,1,-0.014018143393410898
4,1,-0.21282211368984055
5,0,0.04541196880962939
2,1,-0.002072341733626859
4,1,-0.13428146108975964
0,0,0.048007285104510966
4,1,-0.26377871082167986
0,0,0.05877151288338295
0,0,0.040970460093744165
0,0,0.06802080918866116
2,0,0.0038350343731303194
0,1,-0.06208490498463998
3,1,-0.13054473796348048
5,0,0.029969061541169906
3,1,-0.13102891875321215
0,0,0.06954754715874528
5,0,0.04293116641461381
4,1,-0.014018143393410898
4,1,-0.1300084843089107
5,0,0.04293116641461381
0,0,0.06395061171622235
3,1,-0.11437314945720028
6,1,-0.01122668477318095
4,1,-0.014018143393410898
2,1,-0.002072341733626859
2,0,0.016818907985324316
4,1,-0.050151848119187825
2,0,0.03987623128823531
5,0,0.04293116641461381
4,1,-0.014018143393410898
1,1,-0.2340272149612605
5,0,0.04746013431661722
4,1,-0.1300084843089107
0,0,0.052876381942175865
3,1,-0.13138633836347807
4,1,-0.06309008107607766
4,1,-0.21426466771529834
1,0,0.011761535916009758
3,1,-0.11295986450911549
2,1,-0.002072341733626859
0,0,0.04200482950321416
0,1,-0.010695167775501058
4,1,-0.13428146108975964
2,0,0.03987623128823531
0,0,0.012219872644494867
3,1,-0.1155872182207574
4,1,-0.21426466771529834
0,0,0.057461744522614044
2,1,-0.00031157851857627206
3,0,0.03851909213622734
1,1,-0.018176006649377963
3,0,0.0030854244503923933
1,0,0.007660867558691387
2,0,0.016818907985324316
2,0,0.016818907985324316
0,1,-0.28550598833291324
5,0,0.044010526348501444
4,1,-0.21426466771529834
4,1,-0.22427462061939113
6,1,-0.016569744849469714
3,1,-0.13102891875321215
4,1,-0.21430716756815255
0,1,-0.21297877050010233
4,1,-0.23410458466335377
4,1,-0.13428146108975964
3,1,-0.21369139105025753
0,1,-0.13044095093416858
3,1,-0.22241985075791987
3,1,-0.11334016031178168
4,1,-0.26826502463957697
0,0,0.05583113202853318
3,1,-0.08708366305545445
4,1,-0.16845756167997067
0,0,0.01795417314241915
4,1,-0.21426466771529834
0,1,-0.009884650942311113
4,1,-0.050151848119187825
4,1,-0.21293251466428748
0,0,0.051893647502080364
4,1,-0.13428146108975964
5,0,0.04541196880962939
0,0,0.06628106478062151
0,0,0.06854087999173542
4,1,-0.2577977274704342
3,1,-0.13138633836347807
2,0,0.03987623128823531
5,0,0.04541196880962939
2,1,-0.00031157851857627206
3,0,0.009328327332899511
0,0,0.04451236030532729
4,1,-0.006937346684100454
2,1,-0.006629330449382853
4,1,-0.13428146108975964
1,0,0.02462605356304337
4,1,-0.12088213620083194
3,1,-0.22918788401622753
2,0,0.0029669950027485514
4,1,-0.21426466771529834
3,1,-0.13748605615524173
6,1,-0.01122668477318095
2,0,0.016818907985324316
4,1,-0.13428146108975964
0,0,0.032794183837974
2,0,0.0029669950027485514
2,0,0.016818907985324316
0,0,0.0157168605056226
4,1,-0.2628850847653302
5,0,0.04541196880962939
4,1,-0.014018143393410898
5,0,0.04541196880962939
4,1,-0.26826502463957697
3,1,-0.22355361769385257
2,1,-0.0050268720940295775
4,1,-0.2577977274704342
5,0,0.04541196880962939
3,0,0.039885693876261785
1,0,0.04087781491868181
0,0,0.03322840092093671
5,0,0.04541196880962939
4,1,-0.22427462061939113
6,1,-0.0115030204043588
2,0,0.016818907985324316
0,0,0.05542495304917294
4,0,0.031146086066879852
5,0,0.04541196880962939
3,1,-0.11261490778231081
3,0,0.033330978882952
2,0,0.016818907985324316
2,1,-0.047545756196232525
1,0,0.00347311566007269
6,1,-0.010592855755077346
0,0,0.07071844887682538
4,1,-0.014018143393410898
3,1,-0.13090182987280358
4,1,-0.13428146108975964
2,0,0.016721741989954242
0,0,0.023473733819469655
3,1,-0.22330889309114493
5,0,0.04293116641461381
5,0,0.041306016505525345
0,1,-0.00787651818291174
3,0,0.03774691996374174
6,1,-0.1765486876990648
5,0,0.04512431948362228
0,0,0.0550351967754234
4,1,-0.014018143393410898
3,1,-0.13380801908823908
0,0,0.06930531813577473
2,1,-0.002072341733626859
6,1,-0.010592855755077346
2,1,-0.04608869736910909
1,0,0.04087781491868181
6,1,-0.01259510706206457
0,0,0.06245264233791076
5,0,0.03281678147597905
2,1,-0.00031157851857627206
3,1,-0.12894655088583323
5,0,0.04541196880962939
2,0,0.0038350343731303194
0,0,0.039098675961774965
5,0,0.04541196880962939
2,1,-0.04460958878915494
3,1,-0.13198985899971566
2,0,0.0038350343731303194
4,1,-0.22427462061939113
5,0,0.042641487791846566
3,1,-0.11593418665259819
3,1,-0.13138633836347807
2,1,-0.00031157851857627206
5,0,0.04151983711423857
3,1,-0.1309674638614567
4,1,-0.22740715026003105
0,0,0.054543254122845886
3,0,0.029576074771070437
4,1,-0.13428146108975964
4,1,-0.13428146108975964
2,1,-0.047545756196232525
3,1,-0.11402723684454646
3,0,0.050226411693170436
6,1,-0.016849696745195375
2,0,0.016818907985324316
0,0,0.06731687338670866
4,1,-0.2577977274704342
0,0,0.059096246389248375
2,0,0.0038350343731303194
4,1,-0.2577977274704342
5,0,0.04541196880962939
2,1,-0.002072341733626859
5,0,0.042641487791846566
5,0,0.03347955160884042
2,1,-0.0050268720940295775
3,1,-0.1139677604712393
1,0,0.03959174562865836
4,1,-0.13428146108975964
4,1,-0.13428146108975964
0,0,0.05671165926353139
2,1,-0.05045765069330982
5,0,0.04293116641461381
0,0,0.027494062537658903
4,1,-0.13428146108975964
3,1,-0.1309674638614567
5,0,0.04541196880962939
3,1,-0.11368155819247655
0,0,0.03897560532872263
5,0,0.042641487791846566
5,0,0.04293116641461381
3,0,0.03872401034955192
3,0,0.0510717326087915
2,1,-0.00031157851857627206
2,1,-0.00031157851857627206
2,0,0.016818907985324316
3,1,-0.11273668993801617
2,1,-0.00535547430723482
0,0,0.07260425347758231
2,0,0.016818907985324316
2,1,-0.002374810012999551
3,0,0.029576074771070437
3,0,0.03774691996374174
2,0,0.016818907985324316
6,1,-0.0115030204043588
2,1,-0.002072341733626859
4,1,-0.014018143393410898
0,0,0.012120833960047872
4,0,0.007226057218869375
2,1,-0.006959242253898046
3,1,-0.1139677604712393
5,0,0.04746013431661722
3,1,-0.1139677604712393
4,0,0.010455822844627205
3,1,-0.11273668993801617
0,1,-0.12651825362667685
3,1,-0.22984865453461073
3,1,-0.12936382223903703
2,1,-0.002374810012999551
3,1,-0.11368155819247655
3,0,0.009328327332899511
4,1,-0.014018143393410898
5,0,0.03917736655658338
4,1,-0.2404207293423269
5,0,0.04293116641461381
0,0,0.0700024943662439
3,0,0.002614309480463317
3,1,-0.1282875790935411
0,0,0.02462605356304337
3,1,-0.11368155819247655
2,1,-0.002072341733626859
2,0,0.03987623128823531
3,1,-0.11227018436956931
3,0,0.05177329607341158
5,0,0.042641487791846566
0,1,-0.20122314948334902
0,1,-0.04477762327544921
4,1,-0.014018143393410898
5,0,0.026021219873317514
5,0,0.029668779914521215
5,0,0.04293116641461381
0,1,-0.025327425184063057
5,0,0.04293116641461381
4,1,-0.13428146108975964
2,1,-0.04608869736910909
5,0,0.03347955160884042
5,0,0.03651848643837119
0,0,0.050188453817198
4,1,-0.014018143393410898
3,1,-0.11374505143540731
2,0,0.016818907985324316
0,0,0.033370991120327376
5,0,0.02877415190081839
4,1,-0.014018143393410898
4,1,-0.2628850847653302
3,1,-0.11170297207315
0,0,0.05142555022462858
5,0,0.044010526348501444
2,0,0.016818907985324316
2,1,-0.0050268720940295775
2,0,0.016818907985324316
4,1,-0.26826502463957697
1,0,0.03959174562865836
5,0,0.04746013431661722
2,0,0.016818907985324316
3,1,-0.22288930097320941
2,0,0.016818907985324316
4,1,-0.13428146108975964
2,1,-0.002072341733626859
3,0,0.0007054726517037868
3,1,-0.13138633836347807
0,0,0.06598691316390776
6,1,-0.017410169092024697
3,0,0.012736418127525517
1,0,0.03925063511992671
0,1,-0.006511199856313432
3,1,-0.11322630819163165
4,1,-0.13428146108975964
5,0,0.03663729668963017
2,0,0.016818907985324316
3,0,0.003254684025366772
0,1,-0.1179292391267735
5,0,0.04293116641461381
0,1,-0.08311862902514006
2,0,0.016818907985324316
4,1,-0.13428146108975964
4,1,-0.2577977274704342
2,1,-0.03360945857106529
3,1,-0.11308172908884112
4,1,-0.014018143393410898
0,0,0.05991687214036512
5,0,0.03651848643837119
4,1,-0.22740715026003105
2,1,-0.002072341733626859
1,0,0.03297817901776173
2,0,0.016818907985324316
3,1,-0.2302221834231975
3,0,0.03360640938477405
4,1,-0.13428146108975964
4,1,-0.08532473267916801
2,0,0.016818907985324316
4,1,-0.21426466771529834
0,0,0.0018018764598194958
0,0,0.012120833960047872
1,0,0.04017379120231046
4,1,-0.014018143393410898
3,1,-0.11255559576445501
3,1,-0.22283912514478993
2,0,0.0029669950027485514
5,0,0.04293116641461381
5,0,0.03347955160884042
3,1,-0.13846448347449963
4,1,-0.014018143393410898
2,1,-0.04821026934933015
5,0,0.04541196880962939
5,0,0.04541196880962939
5,0,0.04746013431661722
5,0,0.015176319532824
4,1,-0.014018143393410898
4,1,-0.23197300071621535
0,1,-0.06741341526956263
5,0,0.028472892837890784
2,0,0.03987623128823531
0,1,-0.11920873266723103
4,1,-0.13428146108975964
5,0,0.04258143006418391
3,1,-0.13122142027222478
4,1,-0.13428146108975964
2,0,0.016818907985324316
2,1,-0.00535547430723482
4,1,-0.10542985528526067
4,1,-0.22952326209169444
5,0,0.04512431948362228
0,0,0.06990412715175753
2,1,-0.00535547430723482
5,0,0.026021219873317514
4,1,-0.13428146108975964
2,0,0.016818907985324316
0,0,0.03564954123908043
2,1,-0.03360945857106529
0,1,-0.02685276553709348
0,0,0.0652969365628156
2,0,0.03756270860997468
5,0,0.04293116641461381
2,1,-0.006629330449382853
5,0,0.04541196880962939
3,1,-0.13239422977454246
4,0,0.013164126008803623
3,1,-0.13054473796348048
5,0,0.04151983711423857
2,0,0.0029669950027485514
3,1,-0.22456937413197492
3,1,-0.11288117125364866
0,0,0.07201425207658513
4,1,-0.13428146108975964
4,1,-0.26826502463957697
2,0,0.016818907985324316
5,0,0.04541196880962939
6,1,-0.01259510706206457
5,0,0.04541196880962939
3,1,-0.11288117125364866
5,0,0.023683470342882318
2,1,-0.002072341733626859
4,1,-0.13428146108975964
2,1,-0.002072341733626859
0,1,-0.09559555982554713
5,0,0.04293116641461381
5,0,0.04541196880962939
5,0,0.04541196880962939
3,1,-0.13157897017045467
3,0,0.012736418127525517
1,0,0.012773710940150507
2,1,-0.002072341733626859
4,1,-0.014018143393410898
5,0,0.04541196880962939
2,1,-0.00031157851857627206
3,1,-0.13122142027222478
6,1,-0.016569744849469714
2,0,0.03874085148527168
1,0,0.04087781491868181
4,1,-0.2628850847653302
2,0,0.037805858268215975
4,1,-0.21426466771529834
4,1,-0.23410458466335377
4,0,0.012288120690624293
5,0,0.04541196880962939
2,1,-0.04608869736910909
4,1,-0.014018143393410898
1,0,0.02462605356304337
0,0,0.06875094980635382
5,0,0.042641487791846566
4,1,-0.21426466771529834
2,0,0.016818907985324316
3,1,-0.130030097191787
5,0,0.04293116641461381
2,1,-0.04608869736910909
5,0,0.04293116641461381
2,0,0.05460637125664941
5,0,0.04293116641461381
5,0,0.04541196880962939
5,0,0.03347955160884042
4,1,-0.2577977274704342
4,0,0.013164126008803623
0,1,-0.11163961831926256
0,0,0.07163770647380174
4,1,-0.014018143393410898
2,1,-0.00031157851857627206
0,0,0.05949934013930597
0,0,0.06763039653029085
0,0,0.029381439776071938
5,0,0.04293116641461381
3,0,0.04786689078036982
4,1,-0.21426466771529834
4,1,-0.2146784225499086
4,1,-0.24128436150017046
4,1,-0.2628850847653302
5,0,0.04293116641461381
5,0,0.04293116641461381
4,1,-0.07183982796000732
5,0,0.04293116641461381
4,1,-0.10542985528526067
2,1,-0.00031157851857627206
2,1,-0.047545756196232525
4,1,-0.0941070490866186
0,0,0.06811330449862119
3,1,-0.2408027260675622
4,1,-0.13428146108975964
0,0,0.0480933717775725
2,1,-0.0050268720940295775
4,1,-0.2577977274704342
0,1,-0.01467425030517494
5,0,0.04541196880962939
3,1,-0.131246515552431
2,1,-0.002374810012999551
0,1,-0.06449078306226402
0,1,-0.2291501812421191
0,0,0.07070422641623242
3,1,-0.11227018436956931
4,1,-0.22301473725036985
2,0,0.016818907985324316
3,1,-0.11308172908884112
4,1,-0.13428146108975964
0,0,0.061427643946414034
5,0,0.04936304942077341
5,0,0.04293116641461381
2,0,0.016818907985324316
4,1,-0.09045407893024954
5,0,0.041306016505525345
3,0,0.03891612354590657
2,1,-0.04608869736910909
3,1,-0.22409865170157
3,1,-0.11334016031178168
5,0,0.04541196880962939
0,0,0.0718957564257724
5,0,0.04541196880962939
0,0,0.056821319747463406
0,1,-0.17017762336487302
2,1,-0.04816670138962459
5,0,0.03917736655658338
0,0,0.01754051664452122
2,1,-0.002072341733626859
5,0,0.023683470342882318
3,0,0.0042559702802686394
1,0,0.02774402220000638
0,0,0.05340515460130024
3,0,0.05285368292670184
3,1,-0.11082273572347495
2,1,-0.0001327649158252009
4,1,-0.13428146108975964
2,1,-0.002374810012999551
3,0,0.036327751157867405
0,0,0.03997651197144475
2,1,-0.002072341733626859
2,0,0.03561777752893208
0,1,-0.12061926486586844
2,1,-0.04784667312885971
6,1,-0.010592855755077346
2,1,-0.0050268720940295775
4,1,-0.22427462061939113
2,1,-0.050019260932326004
3,1,-0.13102891875321215
3,0,0.006153578139232785
3,1,-0.11374505143540731
2,1,-0.0050268720940295775
0,0,0.06909071954454077
2,1,-0.002072341733626859
5,0,0.01679031685957416
5,0,0.04541196880962939
3,1,-0.11261490778231081
2,1,-0.002072341733626859
5,0,0.04512431948362228
5,0,0.04541196880962939
0,1,-0.06274698996519978
2,0,0.03874085148527168
5,0,0.04293116641461381
6,1,-0.017410169092024697
5,0,0.03917736655658338
0,0,0.05976564832978032
4,1,-0.26377871082167986
2,1,-0.002072341733626859
1,0,0.04087781491868181
3,1,-0.21475310714331858
3,1,-0.11301105668399264
4,1,-0.13428146108975964
4,1,-0.014018143393410898
4,1,-0.21426466771529834
3,0,0.03872401034955192
2,1,-0.002072341733626859
3,0,0.00024754020223993756
3,1,-0.13122142027222478
5,0,0.04541196880962939
4,1,-0.2404207293423269
5,0,0.03917736655658338
2,0,0.03726891225902379
1,0,0.02774402220000638
5,0,0.03917736655658338
2,0,0.016818907985324316
0,0,0.06439688769988283
3,1,-0.0585680416403781
2,0,0.016818907985324316
4,1,-0.2577977274704342
2,1,-0.047545756196232525
4,0,0.031146086066879852
4,1,-0.2404207293423269
4,1,-0.13428146108975964
1,1,-0.19080416912613624
0,1,-0.016421144208733918
5,0,0.041306016505525345
3,1,-0.22895024017883342
3,1,-0.24037130186480132
5,0,0.04541196880962939
0,0,0.06956378659884094
5,0,0.04258143006418391
5,0,0.04541196880962939
0,0,0.06061050131771473
5,0,0.04541196880962939
0,0,0.06754522172587535
0,0,0.05780907078045927
3,0,0.004068123792828282
0,0,0.061554259323764626
0,0,0.033897451166400305
2,0,0.016818907985324316
0,0,0.06983861141218589
0,0,0.07169073110376328
2,0,0.016818907985324316
4,1,-0.014018143393410898
6,1,-0.014666279920762637
6,1,-0.0115030204043588
3,1,-0.24840288518478054
4,1,-0.014018143393410898
4,1,-0.13428146108975964
2,0,0.039225393193118685
4,1,-0.014018143393410898
4,1,-0.012377545169086623
5,0,0.04293116641461381
0,1,-0.20358767750399193
0,1,-0.08704169931211042
5,0,0.023683470342882318
4,1,-0.014018143393410898
2,1,-0.0050268720940295775
3,0,0.015204091730510683
0,0,0.05985436365386815
2,0,0.0029669950027485514
3,1,-0.12936382223903703
3,1,-0.1271383789786637
2,0,0.0038350343731303194
0,0,0.01970455936548854
5,0,0.04746013431661722
1,1,-0.0016446150060301923
2,1,-0.06613111066107003
5,0,0.029969061541169906
5,0,0.04293116641461381
3,1,-0.13122142027222478
1,0,0.022692096038720577
4,1,-0.22268211081150197
3,1,-0.12948954150832998
4,1,-0.26826502463957697
4,1,-0.13428146108975964
2,1,-0.002072341733626859
5,0,0.023683470342882318
5,0,0.04541196880962939
4,1,-0.13428146108975964
5,0,0.03917736655658338
0,0,0.0718957564257724
0,0,0.05932816979781469
2,1,-0.002374810012999551
2,1,-0.00031157851857627206
4,1,-0.014018143393410898
5,0,0.044010526348501444
4,1,-0.12088213620083194
3,1,-0.12948954150832998
3,1,-0.13138633836347807
3,0,0.0012776622022273032
0,0,0.06069010359696009
4,1,-0.22952326209169444
2,1,-0.003966699001150709
4,1,-0.014018143393410898
1,0,0.03959174562865836
5,0,0.04293116641461381
5,0,0.04293116641461381
5,0,0.04151983711423857
5,0,0.04293116641461381
3,1,-0.23069754633801737
0,1,-0.12807202438240478
3,1,-0.046993321026111146
2,0,0.010721190680274939
0,0,0.004289450108023785
4,1,-0.22301473725036985
5,0,0.03663729668963017
4,1,-0.23197300071621535
5,0,0.04293116641461381
3,0,0.012736418127525517
5,0,0.03629664350950007
4,1,-0.014018143393410898
0,0,0.057731572759833094
4,0,0.014380548593818876
5,0,0.04541196880962939
3,1,-0.11437314945720028
0,1,-0.006809972639180262
3,1,-0.20754916460469847
5,0,0.04293116641461381
1,0,0.02462605356304337
1,0,0.02462605356304337
6,1,-0.010592855755077346
1,0,0.04094269013687257
6,1,-0.010592855755077346
0,0,0.06746183053195143
5,0,0.04541196880962939
3,1,-0.0008278297252387046
5,0,0.04541196880962939
3,1,-0.13122142027222478
4,1,-0.1964323220914475
2,0,0.016818907985324316
0,0,0.04005202394702595
3,1,-0.13239422977454246
5,0,0.04258143006418391
6,1,-0.0115030204043588
2,0,0.016818907985324316
3,1,-0.12984591924459926
0,0,0.03451965255508482
2,0,0.016818907985324316
3,1,-0.11179505514174443
4,1,-0.13428146108975964
0,1,-0.11615068526631805
3,1,-0.11150192695724531
5,0,0.04541196880962939
3,0,0.05285368292670184
0,1,-0.08317907841165234
4,0,0.031146086066879852
0,0,0.06217314883619157
5,0,0.04512431948362228
2,1,-0.00031157851857627206
4,1,-0.22427462061939113
1,0,0.04094269013687257
2,1,-0.006959242253898046
4,1,-0.13428146108975964
5,0,0.04746013431661722
5,0,0.04293116641461381
2,1,-0.04921371216113968
2,1,-0.00031157851857627206
4,1,-0.050151848119187825
2,1,-0.00031157851857627206
0,0,0.04998072728321279
0,1,-0.18455840923585293
0,0,0.036041045682229156
3,1,-0.12948954150832998
0,0,0.066396711506653
6,1,-0.017410169092024697
2,1,-0.002072341733626859
4,0,0.031146086066879852
0,0,0.061554259323764626
2,0,0.0038350343731303194
0,0,0.0651579096263174
3,1,-0.13042354025159758
5,0,0.04936304942077341
0,0,0.061554259323764626
3,1,-0.22200085995041846
4,1,-0.13428146108975964
6,1,-0.017410169092024697
2,0,0.016818907985324316
2,0,0.01884727147770271
2,1,-0.0050268720940295775
0,0,0.024254674299034107
4,1,-0.22301473725036985
3,1,-0.2302221834231975
4,1,-0.014018143393410898
2,1,-0.00535547430723482
0,0,0.05844852804611733
6,1,-0.014666279920762637
2,0,0.033455092204181025
5,0,0.04746013431661722
6,1,-0.017410169092024697
3,1,-0.22283912514478993
5,0,0.044646081908460755
3,0,0.04692056980336784
2,1,-0.045256585219512535
3,1,-0.24291243035649984
5,0,0.04293116641461381
0,0,0.013742659008462721
2,0,0.0029669950027485514
5,0,0.04293116641461381
2,0,0.016818907985324316
1,0,0.03959174562865836
0,0,0.061554259323764626
6,1,-0.017410169092024697
5,0,0.041306016505525345
2,1,-0.002374810012999551
5,0,0.04541196880962939
6,1,-0.016849696745195375
3,0,0.03814643015086261
2,1,-0.00031157851857627206
0,0,0.00020586230513541803
4,1,-0.050151848119187825
3,1,-0.11128843172607011
3,1,-0.12340985826672729
3,1,-0.13157897017045467
3,1,-0.11431363282937651
0,0,0.06109856118505197
4,1,-0.08749228773979961
1,0,0.03161774493069969
0,0,0.04451236030532729
0,0,0.07069006993942634
1,0,0.007660867558691387
3,1,-0.11330505470789393
2,0,0.019356117237110393
0,0,0.053720074493994685
2,1,-0.0050268720940295775
2,0,0.016818907985324316
3,1,-0.11368155819247655
4,1,-0.23410458466335377
4,1,-0.13428146108975964
2,1,-0.00031157851857627206
5,0,0.04541196880962939
0,0,0.030586874122875862
0,0,0.0697512199717793
2,0,0.016818907985324316
2,1,-0.002072341733626859
4,1,-0.22301473725036985
5,0,0.04148741474167794
2,1,-0.00031157851857627206
5,0,0.028472892837890784
5,0,0.026021219873317514
5,0,0.04293116641461381
0,1,-0.0623586918111696
6,1,-0.016849696745195375
2,0,0.016818907985324316
4,1,-0.13428146108975964
0,0,0.05432461195136895
0,0,0.05900394199501735
4,1,-0.13428146108975964
5,0,0.04293116641461381
3,1,-0.12624363206993577
3,0,0.04425669257103132
4,1,-0.2628850847653302
0,0,0.05917273088298036
0,0,0.06956378659884094
2,0,0.016818907985324316
2,0,0.016818907985324316
5,0,0.04541196880962939
2,0,0.016818907985324316
2,0,0.033455092204181025
3,1,-0.11596526137492286
4,1,-0.13428146108975964
2,1,-0.002072341733626859
0,0,0.06783901520807473
5,0,0.04293116641461381
6,1,-0.0115030204043588
6,1,-0.016569744849469714
2,1,-0.007465718598194615
5,0,0.023683470342882318
2,1,-0.002072341733626859
0,0,0.029553534537900106
2,0,0.03874085148527168
3,1,-0.11334016031178168
2,0,0.0038350343731303194
0,0,0.07300091957150862
5,0,0.03917736655658338
3,1,-0.12972011488658747
0,1,-0.13065747991090343
2,1,-0.002072341733626859
4,1,-0.13428146108975964
3,0,0.03891612354590657
5,0,0.03347955160884042
5,0,0.04512431948362228
0,0,0.06923687128988965
0,0,0.036183445535600156
0,0,0.06020552870145435
0,0,0.05409602599907415
2,1,-0.05085963328156945
3,1,-0.11593418665259819
4,1,-0.13428146108975964
0,0,0.06104582322592067
2,1,-0.003663025283061283
4,1,-0.014018143393410898
0,0,0.06214690332040529
3,0,0.03099051940043701
0,0,0.061665234815487135
2,1,-0.00031157851857627206
4,1,-0.13428146108975964
2,0,0.038255653665030975
0,0,0.06808489874132939
4,1,-0.050151848119187825
3,0,0.03677317375735539
5,0,0.023683470342882318
3,0,0.0035359760279357055
0,0,0.07127290670027087
2,1,-0.05294735531293343
3,1,-0.131159942978697
4,1,-0.00889992331181666
4,1,-0.24406110246780394
4,1,-0.22301473725036985
5,0,0.03318214156363447
5,0,0.03686800050104089
6,1,-0.017410169092024697
2,0,0.01884727147770271
1,0,0.02462605356304337
4,1,-0.22301473725036985
4,1,-0.21426466771529834
0,1,-0.11538510094987958
3,1,-0.11266606533297735
4,1,-0.13428146108975964
2,1,-0.0050268720940295775
3,1,-0.11374505143540731
3,0,0.04875659623181877
4,1,-0.2353183479395346
0,0,0.058630007847538135
2,0,0.016818907985324316
1,0,0.02462605356304337
3,1,-0.2411827816689694
6,1,-0.016569744849469714
4,1,-0.2296873635332501
1,0,0.03161774493069969
2,1,-0.00535547430723482
2,1,-0.0050268720940295775
3,1,-0.13167826936871357
0,1,-0.1679961387589604
3,1,-0.1139677604712393
0,0,0.05886669266538952
3,1,-0.24031971112739609
4,1,-0.23410458466335377
4,1,-0.26826502463957697
3,0,0.0012776622022273032
5,0,0.029969061541169906
3,1,-0.13157897017045467
2,0,0.0029669950027485514
3,0,0.013139642197614543
2,0,0.03987623128823531
5,0,0.04541196880962939
5,0,0.04293116641461381
0,0,0.06253709095718368
2,1,-0.002072341733626859
6,1,-0.0115030204043588
3,1,-0.22456937413197492
2,1,-0.00031157851857627206
0,0,0.06265867582421175
0,0,0.07300533661932518
3,1,-0.11295986450911549
5,0,0.04541196880962939
2,1,-0.006629330449382853
2,1,-0.00031157851857627206
2,0,0.016818907985324316
5,0,0.03945444012584798
5,0,0.04746013431661722
0,1,-0.15572236116902743
2,1,-0.002072341733626859
4,1,-0.26377871082167986
2,1,-0.0050268720940295775
2,0,0.037805858268215975
4,0,0.0015950698248827222
5,0,0.04293116641461381
3,1,-0.11593418665259819
0,0,0.05746689187967852
2,0,0.016818907985324316
5,0,0.04293116641461381
3,1,-0.23336973081588835
5,0,0.04541196880962939
2,1,-0.002072341733626859
4,1,-0.13428146108975964
4,1,-0.014018143393410898
0,0,0.061554259323764626
4,1,-0.22952326209169444
3,0,0.0033518930777396427
3,1,-0.22288930097320941
4,1,-0.23410458466335377
5,0,0.03945444012584798
3,1,-0.11116647948089736
0,0,0.03531859380291458
4,1,-0.24085261153968113
2,1,-0.0050268720940295775
0,1,-0.23947007914918
2,0,0.037805858268215975
3,0,0.03677317375735539
0,0,0.061137435146699004
3,1,-0.13132065230872786
5,0,0.04293116641461381
1,0,0.02462605356304337
2,0,0.016818907985324316
0,0,0.06570406906716231
5,0,0.04293116641461381
2,0,0.0029669950027485514
4,0,0.010455822844627205
4,1,-0.09045407893024954
0,0,0.036386228063505444
0,0,0.03949298734495876
4,1,-0.13428146108975964
0,1,-0.09522847940937129
6,1,-0.017410169092024697
5,0,0.04293116641461381
4,0,0.013164126008803623
4,1,-0.13428146108975964
3,1,-0.10908148549700253
0,0,0.05753625807467744
2,1,-0.046253371751500016
5,0,0.03347955160884042
4,1,-0.01212118387267469
5,0,0.03860571498400828
0,0,0.053439358338848386
1,0,0.04017379120231046
0,0,0.0005410531031740384
0,1,-0.0797527149513742
3,1,-0.11395552650985125
0,0,0.010383392896993526
2,1,-0.0050268720940295775
3,1,-0.24753005120404187
0,1,-0.03520941276658679
0,0,0.03725173037831919
6,1,-0.016849696745195375
3,1,-0.13138633836347807
5,0,0.044010526348501444
5,0,0.04936304942077341
0,0,0.0014249500624256561
2,0,0.0038350343731303194
0,1,-0.037749680611382175
0,0,0.06880156115870428
4,1,-0.00018692939625475358
3,1,-0.13239422977454246
4,1,-0.014018143393410898
5,0,0.044010526348501444
4,1,-0.21426466771529834
0,0,0.0600724786780546
2,0,0.016818907985324316
0,0,0.024683419977055587
0,0,0.06831445253460972
3,0,0.03891612354590657
3,1,-0.15078204785905552
0,1,-0.05813097104224457
4,1,-0.13428146108975964
4,1,-0.1140202178511362
2,0,0.016818907985324316
3,1,-0.11374505143540731
0,0,0.059020440023106524
4,1,-0.17653382608288198
2,0,0.0038350343731303194
5,0,0.044010526348501444
4,1,-0.2577977274704342
5,0,0.04293116641461381
2,1,-0.006629330449382853
3,1,-0.11261490778231081
0,1,-0.023131854582175926
2,0,0.038776813452209624
5,0,0.04843632241914497
4,1,-0.014018143393410898
4,1,-0.2577977274704342
3,1,-0.2398886136154041
1,0,0.029940676258497445
3,1,-0.11402723684454646
4,1,-0.2125199406875387
1,0,0.007660867558691387
3,1,-0.22575693537672065
0,0,0.06070900547577929
5,0,0.04293116641461381
6,1,-0.017410169092024697
3,1,-0.11047922445971475
2,0,0.016818907985324316
2,1,-0.0530674759858597
3,1,-0.13020253818275557
5,0,0.04541196880962939
5,0,0.04293116641461381
4,1,-0.1371226984100416
4,1,-0.1656998092467254
4,1,-0.11431243190562207
3,0,0.04016208046936681
1,0,0.02462605356304337
0,0,0.0664806880300412
0,0,0.058781616273447024
6,1,-0.017410169092024697
2,1,-0.00535547430723482
2,0,0.016818907985324316
3,1,-0.13239422977454246
5,0,0.04541196880962939
0,0,0.004286834977621001
0,1,-0.005549989388018428
4,1,-0.22952326209169444
5,0,0.023683470342882318
1,0,0.04055787411915418
2,0,0.016818907985324316
5,0,0.04936304942077341
0,0,0.061048518769699245
5,0,0.04717416039032579
4,1,-0.2577977274704342
0,1,-0.1719609779396541
0,0,0.06363874625288207
0,0,0.061554259323764626
3,1,-0.13138633836347807
2,1,-0.002072341733626859
3,0,0.0316183814988274
5,0,0.03347955160884042
4,1,-0.21426466771529834
0,0,0.06075667970411802
4,1,-0.23197300071621535
5,0,0.04293116641461381
3,1,-0.1316040824355293
0,1,-0.1147899600839038
4,1,-0.01212118387267469
3,1,-0.10908148549700253
4,1,-0.22427462061939113
0,0,0.01918033265643937
2,1,-0.00031157851857627206
0,1,-0.19868722923822407
2,0,0.016818907985324316
6,1,-0.016569744849469714
3,0,0.0007054726517037868
3,1,-0.11339956364155007
0,0,0.06349626117779111
0,1,-0.027921204812027423
2,1,-0.002072341733626859
5,0,0.04293116641461381
0,0,0.055150546968804226
2,1,-0.0050268720940295775
1,0,0.00347311566007269
6,1,-0.01259510706206457
6,1,-0.0115030204043588
5,0,0.04293116641461381
2,1,-0.007135393219495856
4,1,-0.23410458466335377
4,1,-0.014018143393410898
1,0,0.03959174562865836
0,1,-0.10048376312143287
0,0,0.024217873490771036
4,1,-0.014018143393410898
3,0,0.01953213318457847
2,0,0.0029669950027485514
0,1,-0.1069988195972002
4,0,0.031146086066879852
4,1,-0.21426466771529834
2,1,-0.006629330449382853
2,1,-0.002072341733626859
1,0,0.04087781491868181
4,1,-0.13428146108975964
2,0,0.016818907985324316
2,1,-0.002072341733626859
1,0,0.03959174562865836
0,0,0.06641325900365735
5,0,0.01877298441259706
3,1,-0.11374505143540731
3,1,-0.11333611334274923
4,1,-0.22427462061939113
6,1,-0.016569744849469714
5,0,0.04541196880962939
2,0,0.016818907985324316
3,1,-0.1309632771257166
0,1,-0.026024123064245674
2,0,0.03987623128823531
4,1,-0.03748248825979045
5,0,0.04293116641461381
0,0,0.05042159972860233
2,1,-0.0050268720940295775
3,1,-0.13138633836347807
4,1,-0.13428146108975964
3,1,-0.1309674638614567
2,1,-0.002701244857896523
2,0,0.016818907985324316
2,1,-0.0050268720940295775
0,1,-0.11950590553087176
5,0,0.01877298441259706
2,0,0.016818907985324316
5,0,0.03347955160884042
4,1,-0.014018143393410898
3,1,-0.22283912514478993
5,0,0.04541196880962939
3,1,-0.13122142027222478
4,1,-0.014018143393410898
1,0,0.04087781491868181
0,0,0.05850472403230428
0,0,0.061554259323764626
5,0,0.04148741474167794
4,1,-0.18001231775041554
5,1,-0.020300368142656233
5,0,0.042641487791846566
4,1,-0.1057909149955571
2,0,0.03874085148527168
3,1,-0.12936382223903703
0,0,0.06850772349273787
5,0,0.04293116641461381
4,1,-0.012377545169086623
2,1,-0.002072341733626859
5,0,0.04541196880962939
0,0,0.035747669783735
3,1,-0.11339956364155007
2,0,0.04348060145294835
5,0,0.04541196880962939
3,1,-0.11374505143540731
1,0,0.03161774493069969
3,1,-0.22288930097320941
4,1,-0.13428146108975964
5,0,0.04541196880962939
0,0,0.07099480863890112
3,1,-0.11374505143540731
3,1,-0.24791411511588285
5,0,0.04541196880962939
3,1,-0.1309674638614567
0,0,0.07076191927582776
2,0,0.016818907985324316
4,1,-0.1951440823669664
2,1,-0.0050268720940295775
3,1,-0.2239994305733834
3,1,-0.11288117125364866
4,1,-0.014018143393410898
5,0,0.03663729668963017
2,0,0.0038350343731303194
5,0,0.03651848643837119
5,0,0.04293116641461381
0,1,-0.0824943858559854
6,1,-0.016849696745195375
0,0,0.06982643683800571
0,1,-0.012646583368061792
6,1,-0.017410169092024697
5,0,0.04541196880962939
5,0,0.04541196880962939
0,1,-0.15645544483980217
4,1,-0.22301473725036985
6,1,-0.016849696745195375
2,0,0.03987623128823531
4,1,-0.1656998092467254
0,0,0.03610478544701867
2,0,0.016818907985324316
6,1,-0.01122668477318095
0,0,0.026601637924282384
5,0,0.04746013431661722
4,1,-0.07454899289066824
0,1,-0.11799263569397583
4,1,-0.13428146108975964
0,1,-0.05719420859480723
4,1,-0.22427462061939113
5,0,0.023683470342882318
0,0,0.05516307603450321
3,1,-0.13138633836347807
1,0,0.033121092088878645
2,1,-0.0050268720940295775
5,0,0.023683470342882318
3,1,-0.13102891875321215
3,1,-0.13138633836347807
2,0,0.0038350343731303194
2,1,-0.0438007020562855
0,0,0.07155951648328962
5,0,0.03651848643837119
4,1,-0.13428146108975964
5,0,0.04512431948362228
3,1,-0.11261490778231081
2,1,-0.002072341733626859
4,1,-0.22301473725036985
4,1,-0.13428146108975964
3,1,-0.046993321026111146
4,1,-0.13428146108975964
4,1,-0.014018143393410898
4,1,-0.13428146108975964
6,1,-0.017410169092024697
3,1,-0.22679323842961835
3,1,-0.11437314945720028
4,1,-0.11431243190562207
4,1,-0.13428146108975964
0,0,0.033666773455358734
5,0,0.04541196880962939
2,0,0.016818907985324316
4,1,-0.1300084843089107
2,0,0.0029669950027485514
5,0,0.033968688630161004
2,0,0.013231348824075617
3,0,0.009328327332899511
2,0,0.016818907985324316
5,0,0.04541196880962939
4,1,-0.26377871082167986
1,0,0.04087781491868181
2,1,-0.002701244857896523
4,1,-0.08851761858942525
6,0,0.03726891225902379
2,0,0.04249053679485065
6,1,-0.016849696745195375
4,1,-0.050151848119187825
4,1,-0.22427462061939113
2,0,0.0038350343731303194
3,1,-0.1309674638614567
0,0,0.053659031696386195
0,1,-0.003400423503874983
3,1,-0.13138633836347807
4,1,-0.26826502463957697
0,0,0.05784850816110981
0,0,0.07155951648328962
4,1,-0.19244015101326267
0,0,0.039726944535274866
6,1,-0.0115030204043588
0,0,0.06439556494989057
3,1,-0.22288930097320941
3,0,0.03134144444607351
3,0,0.02055850479647847
0,0,0.049612978213962655
1,0,0.04087781491868181
5,0,0.03347955160884042
5,0,0.04541196880962939
1,0,0.03177700708839948
4,1,-0.22427462061939113
3,0,0.03677317375735539
3,1,-0.11255559576445501
2,1,-0.00031157851857627206
2,0,0.03987623128823531
5,0,0.044010526348501444
5,0,0.040080658899607324
0,0,0.06336439903030727
0,0,0.03446877754570776
0,1,-0.036135908061059485
2,0,0.0038350343731303194
1,0,0.02774402220000638
2,1,-0.002701244857896523
5,0,0.04746013431661722
2,1,-0.05112651598510659
5,0,0.03347955160884042
4,1,-0.01164819332401662
5,0,0.01679031685957416
3,1,-0.24161475509363778
3,0,0.004333927764122503
0,0,0.05446807323385783
1,0,0.03959174562865836
0,1,-0.09749744978609243
5,0,0.04293116641461381
0,0,0.029556884768102643
4,1,-0.13428146108975964
5,1,-0.03638202069285629
5,0,0.04512431948362228
4,1,-0.22469515034279092
2,1,-0.00031157851857627206
6,1,-0.017410169092024697
4,1,-0.13428146108975964
3,0,0.029576074771070437
2,1,-0.007135393219495856
4,1,-0.13428146108975964
0,0,0.07071843750031181
2,0,0.016818907985324316
5,0,0.04541196880962939
5,0,0.04541196880962939
5,0,0.026021219873317514
2,0,0.016818907985324316
0,1,-0.23778518608934768
4,1,-0.1371226984100416
2,0,0.016818907985324316
5,0,0.042641487791846566
0,0,0.06685765212789707
2,1,-0.002072341733626859
2,0,0.03987623128823531
4,1,-0.08749228773979961
3,1,-0.11395552650985125
0,0,0.06850772349273787
5,0,0.04936304942077341
0,1,-0.024213712492210215
0,0,0.06438544059002993
4,1,-0.2628850847653302
0,1,-0.0702182303086904
5,0,0.03940425760867777
2,0,0.016818907985324316
3,0,0.0007054726517037868
4,1,-0.22782980012726656
0,0,0.06553393108777755
5,1,-0.034953655099646375
3,1,-0.13138633836347807
5,0,0.04746013431661722
5,0,0.04541196880962939
3,1,-0.1309674638614567
2,0,0.016818907985324316
5,0,0.04717416039032579
4,1,-0.050151848119187825
5,0,0.04541196880962939
5,0,0.04293116641461381
5,0,0.04293116641461381
3,1,-0.22900091065151612
4,1,-0.014018143393410898
5,0,0.04293116641461381
2,1,-0.00031157851857627206
4,1,-0.22773431264361327
5,0,0.04541196880962939
2,1,-0.002072341733626859
6,1,-0.017410169092024697
3,1,-0.11374505143540731
5,0,0.04293116641461381
0,0,0.0552229366017869
2,0,0.01884727147770271
3,0,0.00024754020223993756
4,1,-0.22427462061939113
3,1,-0.11437314945720028
2,0,0.016818907985324316
0,0,0.073148681270581
2,0,0.039225393193118685
4,1,-0.22952326209169444
4,1,-0.2628850847653302
5,0,0.04541196880962939
3,0,0.0010521599009920557
0,0,0.04343098392166711
5,0,0.029969061541169906
0,0,0.0690471085363511
2,1,-0.0050268720940295775
3,1,-0.0014782772621525497
3,0,0.03677317375735539
4,1,-0.22740715026003105
0,0,0.070409310946144
3,0,0.05083756149662472
4,1,-0.2577977274704342
0,0,0.061554259323764626
4,1,-0.014018143393410898
5,0,0.04541196880962939
0,0,0.04984921886474175
3,1,-0.12984591924459926
4,1,-0.2577977274704342
5,0,0.04293116641461381
6,1,-0.017410169092024697
4,1,-0.13428146108975964
6,1,-0.0115030204043588
2,0,0.016818907985324316
3,1,-0.227867455190976
5,0,0.03347955160884042
5,0,0.04541196880962939
4,1,-0.2404207293423269
3,1,-0.22895024017883342
2,1,-0.002072341733626859
4,1,-0.22301473725036985
0,0,0.06595678093320578
4,1,-0.22301473725036985
5,0,0.04293116641461381
2,1,-0.00031157851857627206
5,0,0.04293116641461381
2,0,0.013231348824075617
3,0,0.037912858540913585
5,0,0.04541196880962939
4,1,-0.21426466771529834
3,1,-0.13091650031783647
4,0,0.010139873692063872
6,1,-0.016849696745195375
3,1,-0.1122109124678406
4,1,-0.01164819332401662
4,1,-0.2353183479395346
3,0,0.033330978882952
3,1,-0.11060101179404874
3,1,-0.2302729568491752
2,0,0.03987623128823531
2,1,-0.00031157851857627206
3,1,-0.11439335862299976
3,1,-0.11374505143540731
5,0,0.022195432443175345
3,1,-0.11333611334274923
4,1,-0.13428146108975964
2,1,-0.04794512318460947
2,1,-0.006629330449382853
4,1,-0.26826502463957697
2,1,-0.00031157851857627206
4,1,-0.22301473725036985
3,1,-0.11261490778231081
4,1,-0.13428146108975964
2,1,-0.002701244857896523
2,0,0.04343098392166711
5,0,0.04293116641461381
5,1,-0.034953655099646375
3,1,-0.11374505143540731
5,0,0.04293116641461381
4,1,-0.22740715026003105
3,0,0.050226411693170436
3,0,0.03844884353964145
5,0,0.04293116641461381
0,0,0.03564954123908043
4,1,-0.23410458466335377
5,0,0.04936304942077341
0,0,0.06284106114386828
6,1,-0.01259510706206457
5,0,0.04151983711423857
4,0,0.003611799006368377
3,1,-0.1139677604712393
2,0,0.0029669950027485514
5,0,0.04541196880962939
0,1,-0.0040095690800160955
5,0,0.04293116641461381
6,1,-0.0115030204043588
4,1,-0.014018143393410898
1,0,0.04087781491868181
0,0,0.06075667970411802
3,1,-0.225477858646221
0,1,-0.046859780397508544
4,1,-0.13428146108975964
0,1,-0.11390555231625105
2,0,0.016818907985324316
0,0,0.07076337000051691
5,1,-0.11570429808322452
3,1,-0.11261490778231081
0,0,0.05606776776100858
2,1,-0.04608869736910909
6,1,-0.00030262734548369696
4,1,-0.21426466771529834
2,1,-0.002072341733626859
5,0,0.04541196880962939
3,1,-0.11471929618878579
5,0,0.03686800050104089
2,1,-0.00031157851857627206
3,1,-0.11333611334274923
4,1,-0.07183982796000732
5,0,0.04541196880962939
4,1,-0.13428146108975964
0,0,0.06185969101434802
4,1,-0.0514339087023542
5,0,0.04541196880962939
4,1,-0.014018143393410898
5,0,0.04541196880962939
0,0,0.06523704856503959
3,1,-0.1139677604712393
0,0,0.07048247452234313
6,1,-0.01259510706206457
3,0,0.04465722019984292
3,1,-0.1309632771257166
0,0,0.05174275092092068
5,0,0.04541196880962939
3,1,-0.1309674638614567
3,1,-0.0008278297252387046
2,1,-0.002072341733626859
5,0,0.04293116641461381
5,0,0.042641487791846566
3,0,0.03757874745753437
5,0,0.04541196880962939
2,0,0.016818907985324316
6,1,-0.01259510706206457
3,1,-0.11437314945720028
4,1,-0.21426466771529834
2,0,0.016818907985324316
4,1,-0.22740715026003105
2,1,-0.048610233234513356
5,0,0.03917736655658338
5,0,0.04541196880962939
2,0,0.016818907985324316
6,1,-0.016849696745195375
5,0,0.04512431948362228
2,1,-0.002072341733626859
2,1,-0.002374810012999551
5,0,0.03347955160884042
4,0,0.013164126008803623
3,1,-0.24031971112739609
2,0,0.016818907985324316
5,0,0.04293116641461381
5,0,0.04541196880962939
2,1,-0.002072341733626859
2,0,0.016818907985324316
0,0,0.057210315992058114
3,1,-0.11339956364155007
4,1,-0.23197300071621535
6,1,-0.017410169092024697
3,0,0.027480519518104818
3,0,0.004333927764122503
2,1,-0.0018952448291953972
2,1,-0.04539062232779262
5,0,0.04293116641461381
5,0,0.029668779914521215
3,0,0.0030854244503923933
4,1,-0.11431243190562207
0,0,0.023202994233701035
0,0,0.07229732924978605
3,1,-0.11437314945720028
0,0,0.031041926264867015
2,0,0.016818907985324316
6,1,-0.017410169092024697
0,0,0.061554259323764626
5,0,0.04541196880962939
4,1,-0.22427462061939113
5,0,0.04293116641461381
0,1,-0.07210142468111963
3,1,-0.11374505143540731
2,0,0.0038350343731303194
3,0,0.04425669257103132
0,1,-0.22003525258771245
0,0,0.02462605356304337
0,0,0.07055686987247445
5,0,0.015176319532824
3,1,-0.11261490778231081
2,1,-0.002072341733626859
5,0,0.04541196880962939
1,0,0.0416967232446131
5,0,0.04541196880962939
2,1,-0.047545756196232525
4,1,-0.26377871082167986
2,0,0.0038350343731303194
0,0,0.06382703470068352
5,0,0.03917736655658338
5,0,0.044010526348501444
4,1,-0.13428146108975964
5,0,0.04293116641461381
5,0,0.04293116641461381
0,0,0.06881388349327022
3,0,0.046960096593413436
3,1,-0.0014782772621525497
4,1,-0.014018143393410898
5,0,0.04541196880962939
6,1,-0.0115030204043588
5,0,0.04293116641461381
3,1,-0.13138633836347807
0,0,0.03997886177312432
0,0,0.04998072728321279
2,1,-0.0050268720940295775
2,1,-0.047545756196232525
0,0,0.032937462318959
3,1,-0.12948954150832998
5,0,0.04541196880962939
2,1,-0.00535547430723482
4,0,0.016190212005632754
4,0,0.014380548593818876
6,1,-0.01259510706206457
4,1,-0.014018143393410898
4,1,-0.13428146108975964
3,0,0.04465722019984292
2,1,-0.05361994173536716
4,1,-0.014018143393410898
0,0,0.06465577422996743
4,1,-0.2628850847653302
2,1,-0.04608869736910909
0,0,0.0389585629311584
5,0,0.04541196880962939
0,0,0.05947388810453835
2,1,-0.002072341733626859
5,0,0.04293116641461381
0,1,-0.08173409035536422
5,0,0.04293116641461381
3,1,-0.11339956364155007
0,1,-0.20575599307925146
4,1,-0.21426466771529834
5,0,0.04541196880962939
5,0,0.03945444012584798
3,1,-0.2398886136154041
0,0,0.03150810315987673
2,0,0.0038350343731303194
0,0,0.06256493010390751
3,1,-0.0008278297252387046
3,1,-0.1131446974601043
4,1,-0.22427462061939113
3,0,0.02528062489299593
4,1,-0.014018143393410898
3,1,-0.11170297207315
1,0,0.02462605356304337
0,1,-0.11723243771180297
2,0,0.016818907985324316
5,0,0.04512431948362228
5,0,0.041306016505525345
3,1,-0.11334016031178168
0,0,0.00787582902773476
3,1,-0.11179505514174443
3,0,0.041013838348498144
4,1,-0.014018143393410898
2,1,-0.002072341733626859
3,1,-0.11239188415700246
3,1,-0.12936382223903703
0,1,-0.09526228909289203
2,1,-0.00535547430723482
5,0,0.04293116641461381
2,1,-0.00031157851857627206
3,0,0.040858603402296245
2,0,0.016818907985324316
6,1,-0.0115030204043588
3,1,-0.13157897017045467
3,0,0.03704146200687236
0,1,-0.008751252430280132
1,0,0.02462605356304337
3,1,-0.13090182987280358
0,1,-0.027247999367174536
5,0,0.04293116641461381
5,0,0.04293116641461381
5,0,0.04293116641461381
6,1,-0.016569744849469714
3,1,-0.11368155819247655
2,0,0.016818907985324316
1,0,0.04017379120231046
2,0,0.0038350343731303194
3,1,-0.11261490778231081
2,1,-0.0050268720940295775
2,1,-0.002374810012999551
5,0,0.0365733622075764
0,0,0.012743488391377789
0,0,0.07092277122612839
3,1,-0.22456937413197492
2,1,-0.006629330449382853
2,1,-0.002072341733626859
4,1,-0.21426466771529834
0,0,0.07194368645732052
3,1,-0.11374505143540731
4,1,-0.014018143393410898
3,1,-0.11431363282937651
5,0,0.04293116641461381
2,0,0.016818907985324316
2,0,0.016818907985324316
4,1,-0.13428146108975964
5,0,0.04541196880962939
0,0,0.06560097795066933
5,0,0.04258143006418391
5,0,0.01877298441259706
5,0,0.04293116641461381
0,0,0.02462605356304337
0,0,0.06592865564849876
0,1,-0.0046824656914932206
3,1,-0.22456937413197492
5,0,0.04746013431661722
6,1,-0.016849696745195375
3,1,-0.22241985075791987
2,0,0.016818907985324316
5,0,0.04151983711423857
0,0,0.033121092088878645
0,0,0.06838528505075614
5,0,0.029969061541169906
1,0,0.027993812800266027
4,1,-0.26826502463957697
2,0,0.0038350343731303194
0,0,0.06804143606355623
5,0,0.03651848643837119
0,0,0.03997651197144475
0,0,0.07257182352636804
4,1,-0.014018143393410898
2,1,-0.002072341733626859
4,1,-0.13428146108975964
2,1,-0.044993547852366034
2,1,-0.002072341733626859
0,0,0.02496177959246626
3,1,-0.22283912514478993
4,1,-0.22427462061939113
0,1,-0.07964621056026455
3,1,-0.2263770647114371
0,1,-0.17063920611391964
4,1,-0.01164819332401662
5,0,0.04512431948362228
0,1,-0.17039972545860244
3,1,-0.13061032756009422
2,0,0.0038350343731303194
0,1,-0.0475046690673841
0,0,0.053659031696386195
2,0,0.04348060145294835
3,1,-0.11593418665259819
2,1,-0.002072341733626859
0,0,0.06003127867406782
5,0,0.015176319532824
3,1,-0.1139677604712393
3,1,-0.13138633836347807
5,0,0.04541196880962939
4,1,-0.13428146108975964
0,1,-0.001227382798022203
5,0,0.04293116641461381
5,0,0.028472892837890784
5,0,0.04541196880962939
4,1,-0.08825860343770675
3,1,-0.13049799823326985
1,0,0.03724805985990626
0,1,-0.0037197860390685844
0,0,0.06550305802836703
2,1,-0.002072341733626859
4,1,-0.014018143393410898
0,0,0.05380408958736027
5,0,0.04293116641461381
2,1,-0.002072341733626859
5,0,0.022195432443175345
5,0,0.04541196880962939
4,1,-0.13428146108975964
5,0,0.029969061541169906
2,0,0.03874085148527168
2,1,-0.04608869736910909
0,1,-0.0018019553972870583
5,0,0.04512431948362228
2,1,-0.002701244857896523
5,0,0.04293116641461381
3,1,-0.131159942978697
0,0,0.04903883773949402
4,1,-0.014018143393410898
1,0,0.03959174562865836
4,1,-0.2146784225499086
5,0,0.04293116641461381
0,0,0.07092008847971931
1,0,0.04087781491868181
3,1,-0.12779610830845783
3,1,-0.2249901033490474
0,0,0.02037223009217959
3,1,-0.14074177540137406
0,0,0.06912256650833348
0,0,0.05406502869642704
2,0,0.016818907985324316
5,0,0.026021219873317514
3,1,-0.22679901740106329
4,1,-0.22301473725036985
2,0,0.016818907985324316
5,0,0.04746013431661722
3,1,-0.22246999264954243
4,1,-0.13428146108975964
0,0,0.07195873987041246
2,0,0.0038350343731303194
5,0,0.04541196880962939
0,0,0.017026611692952387
6,1,-0.01259510706206457
4,1,-0.09045407893024954
4,1,-0.03748248825979045
4,1,-0.2577977274704342
5,0,0.04746013431661722
5,0,0.04293116641461381
0,0,0.025634830550773258
5,0,0.04293116641461381
2,0,0.003803602457155053
1,0,0.04055787411915418
2,0,0.016818907985324316
2,1,-0.04891187062143465
4,1,-0.22952326209169444
5,0,0.04541196880962939
0,1,-0.07186602257949454
0,1,-0.058597396893811715
2,1,-0.00031157851857627206
2,0,0.016818907985324316
2,0,0.016818907985324316
3,1,-0.0014782772621525497
4,1,-0.22427462061939113
3,1,-0.1145787110757111
3,1,-0.13138633836347807
4,1,-0.13428146108975964
4,1,-0.014018143393410898
4,1,-0.1698473780280491
2,0,0.016818907985324316
1,0,0.04087781491868181
0,0,0.06700019311041172
0,1,-0.027921204812027423
3,0,0.0010521599009920557
5,0,0.04151983711423857
0,1,-0.019386622431462552
3,1,-0.11374505143540731
5,0,0.04541196880962939
3,0,0.009328327332899511
3,1,-0.13132065230872786
3,0,0.002614309480463317
0,0,0.061554259323764626
4,1,-0.13428146108975964
5,0,0.04541196880962939
2,1,-0.002072341733626859
1,0,0.04094269013687257
5,0,0.04746013431661722
2,1,-0.002072341733626859
0,0,0.0027857105979842145
1,0,0.04087781491868181
3,1,-0.11322630819163165
3,1,-0.0005587143391501681
3,0,0.004333927764122503
2,0,0.0029669950027485514
0,1,-0.07210142468111963
5,0,0.04151983711423857
0,0,0.017472050660569782
2,1,-0.0050268720940295775
0,0,0.06427172406197829
3,1,-0.13086411220554378
4,1,-0.050151848119187825
5,1,-0.11602410465739083
5,0,0.04541196880962939
2,0,0.01884727147770271
4,1,-0.23197300071621535
6,1,-0.17448500963168462
2,0,0.01884727147770271
5,0,0.020377426853521396
2,0,0.016818907985324316
0,0,0.06880835060591012
4,1,-0.13428146108975964
0,0,0.027497785499082494
0,1,-0.017827570964804806
3,1,-0.11266606533297735
4,0,0.0015950698248827222
5,0,0.015176319532824
6,1,-0.017410169092024697
4,1,-0.13428146108975964
0,1,-0.12373892274814352
0,0,0.06604656684041754
3,1,-0.13380801908823908
5,0,0.04541196880962939
0,1,-0.19891369671549047
2,1,-0.002072341733626859
3,1,-0.13138633836347807
1,0,0.01637658063456382
4,1,-0.22427462061939113
0,1,-0.009226994802814692
0,1,-0.1124465170814341
0,0,0.06486856715900297
4,0,0.031146086066879852
5,0,0.04541196880962939
6,1,-0.01122668477318095
4,1,-0.2577977274704342
3,0,0.04786689078036982
3,1,-0.13138633836347807
3,0,0.004338025326267758
0,0,0.056842983031742844
3,1,-0.131246515552431
5,0,0.04746013431661722
4,1,-0.21426466771529834
4,1,-0.13428146108975964
3,1,-0.24247957923945812
5,0,0.04541196880962939
4,1,-0.2577977274704342
6,1,-0.01259510706206457
2,1,-0.002072341733626859
0,0,0.05716483492150509
4,1,-0.24128436150017046
4,1,-0.26826502463957697
2,0,0.016818907985324316
2,1,-0.002072341733626859
2,1,-0.00031157851857627206
5,0,0.04293116641461381
4,1,-0.13428146108975964
0,0,0.06299065944108628
4,1,-0.014018143393410898
0,1,-0.030610446235271427
0,0,0.07301051584784957
4,1,-0.12487157975061564
3,1,-0.1283152995841545
0,0,0.06850772349273787
4,1,-0.2577977274704342
4,1,-0.014018143393410898
2,0,0.016818907985324316
4,1,-0.26826502463957697
2,0,0.016818907985324316
3,0,0.014545756629885276
5,0,0.03663729668963017
2,0,0.016818907985324316
6,1,-0.017410169092024697
3,1,-0.10873915194086131
0,0,0.02867882977652131
0,0,0.06894259487782889
1,0,0.02462605356304337
2,1,-0.002072341733626859
2,0,0.03874085148527168
4,1,-0.014018143393410898
3,0,0.0012776622022273032
4,1,-0.014018143393410898
6,1,-0.01259510706206457
3,1,-0.11082273572347495
2,1,-0.002072341733626859
0,0,0.07137312161914494
2,0,0.0038350343731303194
1,0,0.027241288642941175
2,1,-0.0050268720940295775
2,1,-0.002072341733626859
3,1,-0.1309632771257166
3,1,-0.24284820094896792
1,0,0.04087781491868181
5,0,0.04541196880962939
3,1,-0.24037130186480132
4,1,-0.0514339087023542
4,1,-0.23197300071621535
0,0,0.07231720350424303
6,0,0.03726891225902379
4,1,-0.22343441426549077
5,0,0.04541196880962939
4,1,-0.13428146108975964
3,1,-0.11266606533297735
5,0,0.04342283995960711
5,0,0.04541196880962939
3,1,-0.11116647948089736
5,0,0.04293116641461381
6,1,-0.016849696745195375
2,1,-0.002072341733626859
4,1,-0.13428146108975964
4,1,-0.014018143393410898
0,0,0.0544345088621509
0,0,0.0645275913902591
4,1,-0.2146784225499086
0,1,-0.1300131976359566
4,1,-0.23197300071621535
3,1,-0.22789630939443678
3,1,-0.13086411220554378
2,0,0.016818907985324316
2,0,0.016818907985324316
0,0,0.06205985368562972
1,0,0.03959174562865836
0,1,-0.004768338863111121
1,0,0.0032067290780180002
3,1,-0.12376212118065605
3,1,-0.11334016031178168
5,0,0.04258143006418391
0,1,-0.06042779832056805
4,1,-0.13428146108975964
4,1,-0.2628850847653302
6,1,-0.01259510706206457
4,1,-0.13428146108975964
5,0,0.026021219873317514
2,1,-0.002072341733626859
5,0,0.026021219873317514
2,1,-0.0050268720940295775
0,0,0.016944737106341423
4,1,-0.21426466771529834
3,1,-0.11261490778231081
5,0,0.04936304942077341
4,1,-0.21426466771529834
4,1,-0.014018143393410898
3,1,-0.22074558708676412
0,0,0.044006147691698194
3,1,-0.11293154636418817
1,0,0.011761535916009758
6,0,0.021107907137333515
3,1,-0.13239422977454246
5,0,0.04541196880962939
5,0,0.04293116641461381
3,1,-0.11116647948089736
0,0,0.039734831444735
5,0,0.03917736655658338
1,0,0.02462605356304337
4,1,-0.2577977274704342
4,1,-0.26826502463957697
3,1,-0.22330889309114493
0,0,0.04121209904757428
5,0,0.04541196880962939
2,0,0.01884727147770271
5,0,0.02198987429250948
0,0,0.05172610030441527
0,0,0.06465577422996743
4,1,-0.2577977274704342
4,1,-0.21426466771529834
5,0,0.04541196880962939
3,0,0.05285368292670184
4,1,-0.23410458466335377
4,1,-0.26826502463957697
2,0,0.016818907985324316
3,1,-0.22200085995041846
4,1,-0.2577977274704342
5,0,0.04746013431661722
2,0,0.04249053679485065
3,0,0.03578859595903494
0,0,0.0716292544531506
6,1,-0.02133093421695481
3,1,-0.13138633836347807
2,1,-0.0050268720940295775
4,1,-0.014018143393410898
3,1,-0.11437314945720028
2,0,0.016818907985324316
2,0,0.016818907985324316
2,0,0.016818907985324316
4,1,-0.22740715026003105
3,0,0.039692484056393584
5,0,0.023683470342882318
2,1,-0.00535547430723482
2,0,0.0038350343731303194
3,1,-0.22372876919542511
2,0,0.039225393193118685
3,0,0.03589498846089978
0,0,0.0699491086201427
4,1,-0.014018143393410898
5,0,0.03945444012584798
3,1,-0.13118503533851716
0,0,0.06907010182937645
4,1,-0.22427462061939113
2,0,0.016818907985324316
0,1,-0.13470326271212402
4,1,-0.21426466771529834
4,1,-0.13428146108975964
0,1,-0.06694286077574885
2,0,0.01884727147770271
3,1,-0.11339956364155007
0,1,-0.09614530322921438
2,0,0.016818907985324316
2,0,0.001028361370989217
3,1,-0.2263770647114371
2,1,-0.002072341733626859
1,0,0.04087781491868181
5,0,0.04512431948362228
5,0,0.04293116641461381
4,1,-0.08791508383473234
2,0,0.016818907985324316
1,0,0.02462605356304337
2,0,0.016818907985324316
0,0,0.0024356175191711515
4,1,-0.1300084843089107
1,1,-0.19551159173286353
2,1,-0.002374810012999551
6,0,0.03874085148527168
0,0,0.06616180202013267
5,0,0.04541196880962939
2,0,0.0038350343731303194
2,1,-0.002374810012999551
5,0,0.04541196880962939
3,1,-0.11267736374813647
0,0,0.0013258249302119385
4,1,-0.2577977274704342
0,1,-0.004276617272822469
2,0,0.016818907985324316
4,1,-0.13428146108975964
3,1,-0.13122142027222478
2,1,-0.00964852888527129
5,0,0.040080658899607324
3,0,0.03891612354590657
0,0,0.06215963891501142
0,0,0.03716088255092215
3,1,-0.22158215253048458
3,1,-0.1309632771257166
3,1,-0.22617846835335526
5,0,0.03917736655658338
3,1,-0.11322630819163165
3,0,0.039038851370764904
2,0,0.0038350343731303194
5,0,0.03917736655658338
3,1,-0.22744477985545647
6,1,-0.017410169092024697
3,1,-0.13118503533851716
5,0,0.04541196880962939
6,1,-0.017410169092024697
4,1,-0.2577977274704342
5,0,0.04541196880962939
5,0,0.026021219873317514
2,0,0.0038350343731303194
0,0,0.07055686987247445
5,0,0.03347955160884042
6,1,-0.01259510706206457
5,0,0.04541196880962939
0,0,0.0403734824239691
3,1,-0.11261490778231081
1,0,0.02462605356304337
3,0,0.0015453535230969817
5,0,0.04541196880962939
2,1,-0.00031157851857627206
0,0,0.06607655977040272
3,1,-0.22217867381577655
4,1,-0.050151848119187825
2,1,-0.044993547852366034
0,0,0.05051573263215231
5,0,0.04293116641461381
2,1,-0.00031157851857627206
4,1,-0.08825860343770675
2,1,-0.002072341733626859
5,0,0.04541196880962939
4,1,-0.014018143393410898
2,1,-0.00031157851857627206
5,0,0.04541196880962939
3,0,0.015204091730510683
1,0,0.02462605356304337
2,0,0.016818907985324316
2,1,-0.002072341733626859
6,1,-0.016569744849469714
5,0,0.028472892837890784
2,1,-0.00031157851857627206
4,1,-0.13428146108975964
1,0,0.03959174562865836
0,0,0.060663995524083414
2,0,0.016818907985324316
5,0,0.04139606747511709
2,0,0.03874085148527168
5,0,0.015176319532824
5,0,0.04293116641461381
3,1,-0.2262289144740131
4,0,0.031146086066879852
4,1,-0.23197300071621535
5,0,0.04293116641461381
2,0,0.016818907985324316
0,1,-0.18719900366088066
4,0,0.031146086066879852
0,1,-0.03278835044588396
6,1,-0.014666279920762637
0,0,0.0729260842483147
0,0,0.06278660367212124
0,1,-0.07655600302886822
5,0,0.04541196880962939
3,1,-0.11360989635960256
4,1,-0.23963783100612307
2,0,0.0038350343731303194
0,0,0.06691876295067062
2,1,-0.04088926683065919
4,0,0.013164126008803623
6,1,-0.010592855755077346
5,0,0.04541196880962939
3,1,-0.11439335862299976
5,0,0.03347955160884042
0,0,0.057397015068393564
0,0,0.06458066964560344
3,0,0.009328327332899511
4,1,-0.13428146108975964
3,1,-0.11322630819163165
5,0,0.04293116641461381
5,0,0.04541196880962939
2,1,-0.00031157851857627206
5,0,0.04293116641461381
2,0,0.016818907985324316
0,0,0.006686933907777803
5,0,0.04541196880962939
0,0,0.06626567597470467
4,1,-0.08914206025003663
2,1,-0.002701244857896523
2,1,-0.03360945857106529
3,0,0.05083756149662472
0,0,0.05384749249032522
3,1,-0.10873915194086131
2,0,0.039225393193118685
4,1,-0.014018143393410898
4,1,-0.014018143393410898
2,0,0.0038350343731303194
5,0,0.04293116641461381
2,0,0.016818907985324316
2,1,-0.0006866575760823834
2,1,-0.002072341733626859
2,1,-0.00031157851857627206
2,1,-0.002072341733626859
2,0,0.0029669950027485514
3,1,-0.11374505143540731
4,0,0.031146086066879852
3,0,0.03247357857109395
2,1,-0.002072341733626859
5,0,0.04541196880962939
6,1,-0.017410169092024697
0,0,0.06778415825443568
4,1,-0.014018143393410898
2,0,0.03874085148527168
0,0,0.0716780661812742
2,1,-0.04460958878915494
2,1,-0.002072341733626859
0,0,0.06408877856440537
3,1,-0.1139677604712393
4,1,-0.014018143393410898
4,1,-0.21426466771529834
4,1,-0.08947113019564179
4,1,-0.23410458466335377
0,0,0.032937462318959
3,1,-0.10868029095217274
3,1,-0.24151273602727502
0,0,0.07289772999868571
2,0,0.0038350343731303194
2,1,-0.002072341733626859
0,1,-0.021703833386183757
3,0,0.03134144444607351
4,1,-0.22301473725036985
2,0,0.016818907985324316
5,0,0.04293116641461381
1,0,0.0073713654871939704
5,0,0.04293116641461381
5,0,0.04293116641461381
4,1,-0.014018143393410898
2,1,-0.002072341733626859
3,1,-0.11334016031178168
5,0,0.04541196880962939
2,0,0.016818907985324316
5,0,0.04541196880962939
3,0,0.0007054726517037868
0,0,0.06776935217846286
2,1,-0.04608869736910909
5,0,0.04541196880962939
2,1,-0.0050268720940295775
3,1,-0.22367852542448924
4,1,-0.11431243190562207
5,0,0.04293116641461381
3,1,-0.22409865170157
3,1,-0.1118461304016532
4,1,-0.21426466771529834
3,1,-0.10873915194086131
6,1,-0.0115030204043588
2,0,0.016818907985324316
3,1,-0.11295986450911549
2,1,-0.002072341733626859
2,0,0.04249053679485065
3,1,-0.13132065230872786
0,1,-0.054167737891663514
3,0,0.015204091730510683
0,0,0.06548740827104843
2,1,-0.00031157851857627206
3,1,-0.11322630819163165
5,0,0.023683470342882318
1,0,0.03161774493069969
4,1,-0.22301473725036985
5,0,0.015176319532824
4,1,-0.13428146108975964
0,0,0.026444531785875025
0,0,0.031192536082439326
2,0,0.016818907985324316
3,1,-0.11402723684454646
6,1,-0.01259510706206457
5,0,0.03367821425295808
0,0,0.058432399537381885
4,1,-0.22740715026003105
2,0,0.016818907985324316
0,1,-0.1979330974465488
4,1,-0.014018143393410898
3,1,-0.11374505143540731
0,0,0.027115629180092582
0,0,0.06544013389224346
0,0,0.03571234058048994
4,1,-0.2577977274704342
0,1,-0.006928920243341352
2,0,0.038776813452209624
4,1,-0.08698814838551583
4,1,-0.24085218699835836
1,0,0.02462605356304337
5,0,0.04717416039032579
4,1,-0.050151848119187825
0,0,0.06631224132335345
3,1,-0.24174515672412827
2,1,-0.0050268720940295775
4,1,-0.21389366383462688
5,0,0.04293116641461381
5,0,0.04541196880962939
2,1,-0.00031157851857627206
3,0,0.03247357857109395
2,0,0.016818907985324316
4,1,-0.08919216922757062
2,1,-0.00031157851857627206
5,0,0.03917736655658338
0,1,-0.06977045087191602
0,0,0.06633084611791507
0,1,-0.10515185006333111
5,0,0.04293116641461381
3,1,-0.1139677604712393
3,1,-0.13138633836347807
2,1,-0.005530926038156525
3,1,-0.0005587143391501681
2,1,-0.0050268720940295775
4,1,-0.13428146108975964
5,0,0.03234587893882512
2,1,-0.00031157851857627206
5,0,0.041306016505525345
6,1,-0.0115030204043588
4,1,-0.13428146108975964
2,0,0.016818907985324316
3,1,-0.11163249067364961
3,0,0.009328327332899511
1,0,0.027494062537658903
0,0,0.06956942715235748
5,1,-0.034953655099646375
1,0,0.02197729184145014
2,1,-0.002072341733626859
0,0,0.0689419005955813
6,0,0.021107907137333515
3,1,-0.10908148549700253
2,0,0.016818907985324316
4,1,-0.22301473725036985
3,1,-0.10868029095217274
4,1,-0.11431243190562207
0,0,0.05344630087885405
0,1,-0.12475570321240143
3,1,-0.11898667832797599
5,0,0.04541196880962939
3,1,-0.13284504230877897
4,1,-0.014018143393410898
2,1,-0.03360945857106529
4,1,-0.2577977274704342
1,0,0.0073713654871939704
3,1,-0.2302729568491752
2,0,0.03987623128823531
5,0,0.04541196880962939
0,0,0.065358724941046
2,0,0.016818907985324316
4,1,-0.26826502463957697
0,0,0.06814931905339605
2,0,0.0038350343731303194
5,0,0.04293116641461381
5,0,0.0015138808549908789
4,1,-0.1140202178511362
5,0,0.04293116641461381
0,0,0.05514675405290603
5,0,0.044010526348501444
4,1,-0.22427462061939113
2,1,-0.03360945857106529
6,1,-0.01259510706206457
1,0,0.011239805712624618
5,0,0.04541196880962939
2,1,-0.04526971352508552
5,0,0.044646081908460755
4,1,-0.014018143393410898
5,0,0.04746013431661722
5,0,0.023683470342882318
0,0,0.06000409239919946
0,0,0.06787478299575006
0,0,0.05688753684865666
4,1,-0.2146784225499086
3,1,-0.1311267635929531
4,1,-0.2628850847653302
4,0,0.03082877486960678
2,0,0.016818907985324316
6,1,-0.01122668477318095
6,1,-0.01259510706206457
4,0,0.0015950698248827222
5,0,0.04293116641461381
2,0,0.04348060145294835
3,1,-0.13287174136101026
5,0,0.044010526348501444
3,1,-0.11261490778231081
0,0,0.05024464616275359
3,1,-0.11261490778231081
4,1,-0.13428146108975964
2,0,0.016818907985324316
3,0,0.010868978478907776
5,0,0.04293116641461381
4,1,-0.10542985528526067
2,0,0.0029669950027485514
5,0,0.04541196880962939
5,0,0.04541196880962939
0,0,0.06884721423331808
3,1,-0.21865911935877486
2,1,-0.002701244857896523
0,1,-0.03200129962922277
0,0,0.0002558796211182268
0,1,-0.022194287861809492
2,0,0.016818907985324316
2,0,0.016818907985324316
2,1,-0.00535547430723482
1,0,0.02462605356304337
5,0,0.04746013431661722
3,1,-0.10979289878429227
4,1,-0.014018143393410898
3,1,-0.11322630819163165
0,0,0.07378441363641691
3,1,-0.131246515552431
2,1,-0.002072341733626859
1,0,0.03695400636575569
6,1,-0.014666279920762637
5,0,0.04293116641461381
2,0,0.03987623128823531
3,1,-0.22456937413197492
3,0,0.004068123792828282
0,0,0.04747733466610532
5,0,0.04541196880962939
5,0,0.044646081908460755
6,1,-0.0115030204043588
4,1,-0.22740715026003105
0,1,-0.057599241286246494
0,0,0.01918033265643937
6,0,0.03987623128823531
2,0,0.016721741989954242
0,0,0.07185768064213327
5,0,0.04293116641461381
5,0,0.04541196880962939
1,1,-0.028812632695394635
3,0,0.03872401034955192
3,1,-0.11308172908884112
2,0,0.0038350343731303194
3,0,0.03798994502925557
5,0,0.04293116641461381
5,0,0.04293116641461381
4,1,-0.22427462061939113
6,1,-0.17448500963168462
2,1,-0.04921371216113968
0,0,0.0655688023324364
6,1,-0.017410169092024697
4,1,-0.2577977274704342
4,1,-0.19979147823226479
5,0,0.04541196880962939
3,1,-0.12984591924459926
5,0,0.04541196880962939
1,0,0.03959174562865836
3,1,-0.11135886545494872
4,1,-0.012377545169086623
3,1,-0.11334016031178168
4,1,-0.01212118387267469
5,0,0.04541196880962939
6,1,-0.01259510706206457
0,0,0.029362215085890875
3,1,-0.13090182987280358
4,1,-0.2404207293423269
2,0,0.016818907985324316
2,0,0.037805858268215975
2,0,0.016818907985324316
0,1,-0.06416239189550238
3,1,-0.1309674638614567
4,1,-0.26826502463957697
2,0,0.016818907985324316
5,0,0.04541196880962939
0,0,0.036183445535600156
2,0,0.03874085148527168
5,0,0.03347955160884042
5,0,0.04541196880962939
4,1,-0.22740715026003105
0,0,0.004434750294333933
0,1,-0.00166699880150889
5,0,0.04293116641461381
6,1,-0.014666279920762637
4,1,-0.13428146108975964
1,0,0.04087781491868181
5,0,0.029969061541169906
2,0,0.037805858268215975
3,1,-0.13090182987280358
3,1,-0.11437314945720028
4,1,-0.08791508383473234
5,0,0.03347955160884042
3,0,0.009328327332899511
2,0,0.037805858268215975
3,1,-0.11204731158795861
4,1,-0.2146784225499086
5,0,0.04541196880962939
0,0,0.0712248694749496
5,0,0.04746013431661722
3,1,-0.11518821122909623
2,1,-0.047545756196232525
2,1,-0.006629330449382853
4,1,-0.21426466771529834
6,0,0.03696483852550325
6,1,-0.016569744849469714
2,1,-0.00535547430723482
3,1,-0.1305070458068472
5,0,0.04541196880962939
4,1,-0.050151848119187825
1,0,0.033121092088878645
4,1,-0.21426466771529834
6,1,-0.224734674476259
4,1,-0.014018143393410898
5,0,0.04541196880962939
4,1,-0.014018143393410898
4,1,-0.12088213620083194
5,0,0.04541196880962939
0,0,0.07070422641623242
5,0,0.04541196880962939
0,1,-0.02019103312231424
5,0,0.04936304942077341
4,1,-0.13428146108975964
5,0,0.023683470342882318
6,1,-0.0115030204043588
0,0,0.0686136250702169
3,1,-0.10902258467029918
0,0,0.06304924682320034
2,1,-0.002374810012999551
2,0,0.016818907985324316
5,0,0.04342283995960711
1,0,0.02462605356304337
0,0,0.06580557463741687
4,1,-0.21426466771529834
3,0,0.0030854244503923933
1,0,0.04055787411915418
3,1,-0.11437314945720028
5,0,0.023683470342882318
4,0,0.031146086066879852
5,0,0.015176319532824
5,0,0.044010526348501444
4,1,-0.13428146108975964
5,0,0.04541196880962939
6,1,-0.01259510706206457
0,1,-0.03602191745282918
5,0,0.04541196880962939
3,1,-0.11437314945720028
0,0,0.059096246389248375
5,0,0.04541196880962939
3,1,-0.11471929618878579
5,0,0.04541196880962939
2,0,0.016818907985324316
3,1,-0.11374505143540731
3,1,-0.22200085995041846
3,0,0.039692484056393584
0,0,0.0472920154431295
1,1,-0.03616198945432425
0,0,0.04200482950321416
3,0,0.04786689078036982
4,1,-0.014018143393410898
5,0,0.04541196880962939
5,0,0.04293116641461381
4,1,-0.014018143393410898
5,0,0.028472892837890784
3,1,-0.005340739209690137
4,1,-0.24006875878462036
4,1,-0.22427462061939113
1,0,0.0073713654871939704
0,0,0.029227807788329674
5,0,0.041306016505525345
0,1,-0.14618593763114024
0,1,-0.1352801684913993
3,1,-0.1293025611177679
2,1,-0.0050268720940295775
3,1,-0.11266606533297735
3,1,-0.13122142027222478
2,1,-0.00031157851857627206
3,1,-0.22330889309114493
5,0,0.0369316087998981
0,0,0.06075667970411802
3,0,0.0033518930777396427
5,0,0.04541196880962939
2,1,-0.04965772235549265
5,0,0.04541196880962939
3,0,0.0030854244503923933
2,1,-0.0050268720940295775
2,1,-0.002072341733626859
3,0,0.004068123792828282
2,0,0.03874085148527168
1,0,0.04017379120231046
0,0,0.027543273266250667
0,0,0.07196794161417686
0,1,-0.042404330411414504
2,0,0.039225393193118685
4,1,-0.1300084843089107
0,1,-0.0001898553577971973
2,0,0.016818907985324316
3,0,0.0010521599009920557
4,1,-0.014018143393410898
4,1,-0.014018143393410898
3,0,0.0033518930777396427
2,0,0.03987623128823531
5,0,0.04541196880962939
0,1,-0.11884141937148757
4,1,-0.2146784225499086
4,1,-0.050151848119187825
2,1,-0.002072341733626859
3,1,-0.10839704992458227
0,1,-0.0663046850927333
4,1,-0.22952326209169444
3,1,-0.12948954150832998
4,1,-0.13428146108975964
4,1,-0.014018143393410898
3,1,-0.1309674638614567
1,0,0.03880208702204807
0,0,0.03725173037831919
2,0,0.016818907985324316
0,1,-0.03763500644165313
4,1,-0.22427462061939113
4,1,-0.22952326209169444
2,0,0.03987623128823531
0,0,0.06019847105898224
3,1,-0.1139677604712393
2,0,0.0038350343731303194
2,0,0.016818907985324316
3,0,0.009328327332899511
